siec	geo	2012	2013	2014	2015	2016	2017	2018	2019	2020	2021	2022	2023
E7000	AT	263.491	267.136	263.507	272.007	275.718	280.585	282.096	281.891	265.980	284.964	304.203	314.360
E7000	BE	140.980	148.323	133.981	135.305	139.828	146.535	150.258	150.120	135.632	157.678	192.433	223.388
E7000	BG	25.967	23.818	26.311	30.267	30.439	32.467	30.375	39.182	36.349	38.729	39.051	36.560
E7000	CY	0.000	0.000	0.000	0.000	0.000	0.000	0.000	0.000	0.000	0.000	0.184	0.430
E7000	CZ	138.779	136.887	134.050	138.349	140.671	145.964	150.763	151.958	141.367	148.356	154.456	155.298
E7000	DE	1033.964	1025.365	990.800	958.555	1009.286	1028.117	1039.295	997.850	991.745	1106.449	1324.928	1417.713
E7000	DK	33.104	33.190	33.104	34.136	38.458	37.768	37.804	39.741	45.112	58.566	76.135	84.259
E7000	EE	6.793	5.417	4.299	4.041	4.127	3.955	3.697	4.815	5.837	2.574	2.790	5.127
E7000	EL	16.251	22.958	29.493	33.362	15.993	16.173	17.386	17.436	15.003	16.742	19.013	16.902
E7000	ES	336.629	328.375	335.856	342.046	335.512	342.820	347.893	338.521	286.758	314.875	342.218	370.994
E7000	EU27_2020	4903.610	4913.853	4778.687	4844.629	4940.005	5025.010	5063.598	5046.241	4632.961	4980.531	5625.032	6057.372
E7000	FI	63.371	63.113	62.253	60.705	60.877	66.638	72.485	73.861	70.163	79.708	93.895	114.875
E7000	FR	921.220	931.453	906.719	920.153	904.592	909.674	867.543	866.821	716.973	830.009	953.835	1105.972
E7000	HR	21.410	20.464	19.862	21.066	21.582	22.992	24.248	23.465	22.528	24.463	24.815	25.193
E7000	HU	84.523	105.503	99.398	100.688	101.204	103.869	103.783	103.181	104.385	107.051	112.382	112.468
E7000	IE	3.910	3.651	3.469	3.788	4.270	4.650	5.696	7.426	8.245	12.715	19.058	28.263
E7000	IT	925.107	926.483	899.656	933.448	959.759	978.750	992.261	992.399	869.663	738.628	774.592	760.653
E7000	LT	6.449	6.363	5.417	5.761	6.191	6.389	6.862	6.664	6.251	6.793	7.893	9.011
E7000	LU	11.069	11.700	11.166	11.893	11.886	12.247	12.949	13.518	12.786	14.293	16.437	19.511
E7000	LV	11.092	10.662	10.060	9.114	9.028	8.998	8.904	8.662	8.109	8.401	8.706	9.226
E7000	MT	0.000	0.000	0.000	0.000	0.000	0.029	0.083	0.149	0.138	0.566	0.933	1.578
E7000	NL	151.591	150.473	147.549	155.310	165.197	171.718	186.056	201.943	197.781	231.877	287.574	333.911
E7000	PL	275.150	271.367	258.555	267.154	282.631	285.980	298.312	293.481	272.905	291.692	301.158	320.597
E7000	PT	34.480	25.881	25.967	26.483	37.115	41.740	42.181	42.515	36.962	40.567	42.825	50.238
E7000	RO	105.589	96.819	91.316	93.035	90.112	93.655	90.824	91.156	93.400	113.902	103.534	76.592
E7000	SE	230.868	236.457	224.850	223.130	229.063	212.898	221.238	234.050	227.429	280.224	341.015	379.364
E7000	SI	13.672	13.242	11.694	13.070	14.273	20.012	20.047	19.864	18.038	20.322	23.617	24.184
E7000	SK	48.151	48.753	49.355	51.763	52.193	50.387	50.559	45.572	43.422	50.387	57.352	60.705
G3000	AT	210.180	277.122	234.401	269.755	259.278	290.605	269.921	251.076	222.161	179.285	82.984	26.123
G3000	BE	45.322	45.256	25.674	34.539	37.856	35.977	44.011	56.859	69.830	101.591	86.946	87.902
G3000	BG	268.272	252.582	246.543	224.444	217.712	245.976	215.783	141.485	121.488	147.438	147.524	150.087
G3000	CY	0.000	0.000	0.000	0.000	0.000	0.000	0.000	0.000	0.000	0.000	0.000	0.000
G3000	CZ	51.032	53.353	60.684	66.380	54.514	69.948	74.764	97.055	115.386	101.865	85.376	77.742
G3000	DE	472.720	453.316	448.730	426.569	445.784	456.981	613.104	783.260	473.002	556.351	849.855	734.556
G3000	DK	0.000	0.000	0.000	37.650	39.068	42.545	9.514	10.607	11.034	13.074	14.631	15.176
G3000	EE	0.537	0.860	1.569	2.773	4.127	4.552	8.585	11.748	19.361	23.133	16.527	18.951
G3000	EL	14.725	13.414	13.758	15.112	18.960	12.790	15.191	17.891	18.126	21.036	27.191	29.803
G3000	ES	122.486	137.426	139.512	133.234	157.761	181.795	185.082	213.005	210.167	282.287	348.796	360.232
G3000	EU27_2020	2833.795	3119.994	2993.799	3031.963	3199.643	3289.436	3419.008	3670.281	3018.888	3532.880	3329.409	3158.807
G3000	FI	13.113	9.286	9.652	6.728	8.491	8.343	12.061	17.758	18.510	22.876	23.178	25.289
G3000	FR	97.093	106.683	114.247	117.279	122.149	146.336	130.587	159.886	190.598	267.937	314.108	360.125
G3000	HR	0.817	1.548	3.224	3.310	3.656	4.227	4.220	3.971	3.073	4.013	3.625	2.916
G3000	HU	57.803	33.298	39.768	32.911	48.001	66.036	78.289	82.932	61.500	34.114	29.772	26.806
G3000	IE	4.129	3.439	2.841	3.916	21.239	20.184	22.511	17.381	16.118	17.120	17.796	16.921
G3000	IT	885.770	1030.890	1072.077	1087.425	1105.718	1064.109	1093.114	1147.309	967.168	1277.320	1048.780	977.841
G3000	LT	31.750	29.600	29.600	29.858	31.126	33.728	27.042	26.419	28.611	30.718	29.278	29.192
G3000	LU	0.000	0.000	0.000	0.000	0.000	0.000	0.000	0.000	0.000	0.000	0.000	0.000
G3000	LV	0.000	0.000	0.000	0.000	0.000	0.000	0.056	0.185	0.534	1.308	2.055	2.762
G3000	MT	0.000	0.000	0.000	0.000	0.000	0.000	0.000	0.000	0.000	0.000	0.000	0.000
G3000	NL	23.710	26.182	30.460	36.604	45.820	57.167	61.717	64.137	60.404	62.088	63.820	63.828
G3000	PL	258.111	368.332	361.687	359.409	382.640	366.026	389.288	352.003	296.494	280.682	60.880	75.955
G3000	PT	11.973	12.382	12.102	14.080	13.865	14.676	16.073	17.508	20.095	23.803	32.728	34.100
G3000	RO	9.523	2.794	3.375	1.182	0.924	0.228	0.219	0.083	0.279	6.907	6.992	6.880
G3000	SE	52.966	52.687	50.623	34.437	36.457	13.316	11.414	8.609	8.615	9.615	6.503	14.338
G3000	SI	0.688	0.795	1.161	2.107	2.816	3.268	3.339	4.418	3.487	4.562	4.828	4.902
G3000	SK	201.075	208.749	92.111	92.261	141.681	150.623	133.123	184.696	82.847	63.757	25.236	16.380
O4630	AT	21.484	20.094	17.667	13.441	12.190	11.605	8.226	5.253	3.055	2.508	2.886	1.887
O4630	BE	52.737	46.145	48.342	63.724	64.823	58.780	55.154	54.715	48.466	48.127	48.353	51.177
O4630	BG	370.259	397.726	433.983	462.549	495.510	478.865	457.021	438.510	415.713	402.274	439.297	460.383
O4630	CY	0.000	0.000	0.000	0.000	0.000	0.000	0.498	0.539	0.451	0.517	0.566	0.479
O4630	CZ	89.968	93.107	102.522	103.568	103.568	100.430	96.245	92.061	77.415	78.461	88.922	93.107
O4630	DE	628.875	612.383	645.735	593.784	536.007	496.913	551.439	478.394	358.024	339.506	234.567	302.469
O4630	DK	0.000	0.000	0.000	0.000	0.000	0.000	0.000	0.000	0.000	0.000	0.000	0.000
O4630	EE	3.246	3.814	4.562	5.441	6.108	7.320	8.823	10.509	10.107	10.433	11.161	8.303
O4630	EL	84.599	204.357	221.936	257.094	261.488	245.909	235.570	240.329	193.717	188.568	190.692	193.295
O4630	ES	29.373	35.022	39.541	48.579	53.098	57.617	70.044	97.158	74.563	93.973	121.435	127.747
O4630	EU27_2020	5380.043	5688.482	5767.374	5899.956	5913.327	5998.926	5958.511	5993.763	5060.638	5262.394	5477.964	5627.854
O4630	FI	0.000	0.000	0.000	0.000	0.000	0.000	0.000	0.000	0.000	0.000	0.000	0.000
O4630	FR	126.675	112.265	100.251	89.019	80.133	70.708	62.056	57.809	39.008	54.681	91.874	113.076
O4630	HR	61.597	62.717	68.317	75.037	79.516	79.180	78.844	73.917	59.133	61.933	51.966	47.486
O4630	HU	23.574	32.555	30.310	30.310	27.563	26.449	23.143	19.837	14.326	14.326	14.326	15.406
O4630	IE	1.000	1.303	2.108	2.530	2.549	2.254	1.852	1.629	1.150	1.165	1.622	1.174
O4630	IT	1483.233	1688.688	1718.353	1817.235	1755.708	1831.927	1773.287	1816.155	1438.693	1545.823	1686.799	1705.567
O4630	LT	153.004	146.351	143.025	133.312	125.663	116.476	109.163	105.120	96.900	92.416	92.516	94.261
O4630	LU	1.873	1.284	1.481	0.743	0.803	0.694	0.369	0.323	0.191	0.282	0.271	0.398
O4630	LV	44.596	56.561	63.087	64.175	61.999	58.284	55.225	48.432	43.771	39.479	36.006	32.654
O4630	MT	0.000	0.000	0.000	0.000	1.099	0.689	0.776	0.792	0.719	0.825	0.880	0.934
O4630	NL	304.416	286.064	220.216	191.936	181.360	162.639	147.690	137.460	116.528	116.843	124.401	118.595
O4630	PL	1764.498	1750.215	1763.399	1790.867	1896.341	2012.302	2039.495	2125.967	1906.229	1994.124	2065.539	2076.526
O4630	PT	34.059	36.257	37.355	39.553	40.652	40.609	39.859	40.839	30.791	33.328	36.889	46.737
O4630	RO	57.485	52.887	58.635	63.234	74.731	90.120	93.719	98.626	88.478	89.355	88.868	87.660
O4630	SE	0.634	0.331	0.389	2.171	0.763	0.000	0.000	0.000	0.000	0.000	0.000	0.000
O4630	SI	8.799	12.099	13.199	14.299	15.398	15.097	14.855	14.231	9.151	16.092	10.773	10.079
O4630	SK	34.059	36.257	32.961	37.355	36.257	34.059	35.158	35.158	34.059	37.355	37.355	38.454
O4652XR5210B	AT	1588.217	1557.190	1526.598	1542.299	1524.212	1507.224	1565.590	1559.153	1293.104	1359.949	1407.353	1533.890
O4652XR5210B	BE	1165.646	1163.485	1251.050	1329.744	1437.707	1438.358	1610.373	1807.226	1496.614	1824.938	2078.644	2260.824
O4652XR5210B	BG	540.174	442.438	505.493	520.206	492.882	504.957	477.508	472.814	459.238	501.343	524.227	519.101
O4652XR5210B	CY	393.608	369.272	360.808	365.040	374.563	371.281	361.447	356.235	301.006	323.109	328.145	343.446
O4652XR5210B	CZ	1673.970	1573.909	1557.936	1570.454	1617.440	1600.258	1601.411	1601.624	1455.951	1514.976	1582.920	1679.945
O4652XR5210B	DE	17617.713	17590.673	17682.194	16926.336	16938.454	17186.881	16413.325	16585.002	14914.686	14795.522	15346.908	15249.961
O4652XR5210B	DK	1381.958	1335.927	1321.281	1389.281	1377.773	1312.181	1316.362	1317.574	1175.529	1206.176	1198.619	1212.055
O4652XR5210B	EE	256.425	240.661	241.712	240.661	254.323	266.934	272.189	273.240	214.388	199.675	211.235	209.554
O4652XR5210B	EL	3035.063	2777.587	2643.069	2573.708	2536.926	2450.772	2402.904	2345.589	1880.619	2010.866	2143.308	2239.600
O4652XR5210B	ES	4713.779	4603.738	4534.962	4561.414	4767.741	4871.434	5075.645	5407.884	4281.021	5276.535	5831.182	6093.986
O4652XR5210B	EU27_2020	67951.608	65847.380	65515.002	64511.546	64746.958	65152.166	65207.237	66640.385	57341.357	62695.140	66586.494	69218.382
O4652XR5210B	FI	1385.473	1420.130	1367.264	1361.044	1354.825	1301.959	1283.300	1255.312	1165.128	1177.568	1089.457	1087.384
O4652XR5210B	FR	7322.663	7084.036	7050.302	7153.339	7330.573	7526.588	7772.967	8284.156	7138.176	8570.218	9388.200	9979.123
O4652XR5210B	HR	615.188	601.353	554.522	553.457	556.651	534.386	519.205	495.205	411.202	460.578	494.273	554.553
O4652XR5210B	HU	1233.782	1167.574	1243.241	1283.176	1306.296	1337.824	1396.675	1507.022	1308.398	1388.268	1472.342	1438.712
O4652XR5210B	IE	1282.248	1186.399	1178.944	1020.260	1003.221	904.298	824.245	780.926	578.428	612.745	697.835	743.480
O4652XR5210B	IT	8769.944	8398.968	8494.602	8191.937	7649.661	7432.637	7639.952	7711.665	6078.996	7364.876	8243.143	8556.740
O4652XR5210B	LT	231.075	209.679	205.400	199.857	215.635	212.238	232.306	242.487	236.918	237.337	262.222	291.509
O4652XR5210B	LU	359.289	327.231	313.985	292.772	284.513	300.667	328.320	342.872	261.775	317.108	322.159	358.575
O4652XR5210B	LV	232.095	210.041	205.840	204.790	199.539	191.911	183.980	174.615	167.662	166.047	141.962	148.004
O4652XR5210B	MT	72.920	73.947	73.947	78.055	78.055	79.323	79.945	84.623	71.225	77.043	84.749	88.325
O4652XR5210B	NL	3922.428	3823.254	3706.155	3722.370	3845.545	3974.920	4038.400	4123.338	3430.635	3537.352	3625.314	4059.046
O4652XR5210B	PL	3841.359	3659.716	3535.393	3654.199	3859.606	4218.907	4386.983	4535.698	4226.926	4673.958	4951.490	5195.674
O4652XR5210B	PT	1182.287	1151.810	1144.454	1099.264	1082.450	1080.017	1067.988	1106.876	916.122	995.697	1083.899	1210.549
O4652XR5210B	RO	1331.239	1267.847	1354.102	1268.886	1326.043	1333.077	1320.309	1322.343	1234.260	1316.628	1349.042	1407.128
O4652XR5210B	SE	2722.559	2569.201	2462.943	2395.445	2289.417	2181.063	2039.413	1990.432	1817.766	1907.731	1762.751	1721.834
O4652XR5210B	SI	525.764	478.634	447.214	436.740	433.598	422.887	425.651	407.666	321.921	365.837	425.874	453.196
O4652XR5210B	SK	554.742	562.680	551.591	576.812	609.309	609.184	570.844	548.808	503.663	513.060	539.241	582.188
O4661XR5230B	AT	30.278	30.359	29.241	29.145	27.936	27.377	28.826	23.572	14.822	14.359	16.377	16.703
O4661XR5230B	BE	3.697	3.903	3.389	3.595	2.670	2.876	3.184	2.876	2.739	1.896	2.107	2.107
O4661XR5230B	BG	10.270	11.297	8.216	12.324	19.514	20.121	17.120	6.950	3.717	4.820	7.790	5.632
O4661XR5230B	CY	0.000	0.000	0.000	0.000	0.000	1.938	1.861	1.375	1.453	1.598	3.085	2.779
O4661XR5230B	CZ	19.650	17.581	16.547	35.163	39.300	49.642	31.026	44.471	39.300	4.137	4.137	4.137
O4661XR5230B	DE	710.471	666.514	715.582	716.605	766.695	663.447	641.980	722.738	291.344	247.387	336.324	363.925
O4661XR5230B	DK	37.403	36.364	35.325	32.676	33.947	32.732	30.507	30.813	15.994	17.647	24.401	24.478
O4661XR5230B	EE	1.008	1.302	1.315	1.389	1.131	1.194	1.333	1.291	1.201	1.874	1.620	1.854
O4661XR5230B	EL	184.867	174.596	177.677	166.380	186.921	192.848	220.110	222.394	88.546	149.348	227.156	279.012
O4661XR5230B	ES	1867.519	1590.499	1687.403	1824.334	1985.490	2158.233	2245.658	2373.108	955.353	1658.853	2499.886	2640.724
O4661XR5230B	EU27_2020	5490.420	5128.695	5154.232	5356.753	5683.468	5946.145	6206.369	6447.603	2967.889	4054.321	5912.193	6150.956
O4661XR5230B	FI	72.394	62.052	62.052	59.984	61.018	63.086	69.292	66.189	27.923	24.821	43.437	43.437
O4661XR5230B	FR	1490.643	1466.738	1405.766	1405.770	1451.822	1499.885	1577.591	1604.193	967.977	1185.639	1560.532	1400.079
O4661XR5230B	HR	9.450	9.450	9.450	10.500	10.500	10.080	10.185	10.290	5.145	6.930	8.190	9.555
O4661XR5230B	HU	0.000	0.000	0.000	0.000	0.000	0.000	0.000	0.000	0.000	0.000	0.000	0.000
O4661XR5230B	IE	6.320	6.320	6.320	6.320	3.160	5.025	4.885	5.226	3.805	5.689	12.988	7.000
O4661XR5230B	IT	680.926	680.926	643.952	695.304	708.656	779.358	874.108	904.573	341.594	466.829	813.497	1009.492
O4661XR5230B	LT	0.000	0.000	0.000	0.000	0.000	0.103	0.103	0.207	0.207	0.310	0.207	1.033
O4661XR5230B	LU	0.000	0.000	0.000	0.000	0.000	0.000	0.000	0.000	0.000	0.000	0.000	0.000
O4661XR5230B	LV	1.032	1.032	1.032	0.000	0.000	1.328	0.239	0.129	0.252	0.276	1.194	0.714
O4661XR5230B	MT	1.027	1.027	0.000	1.027	1.027	0.519	0.657	0.590	0.653	0.678	0.684	0.834
O4661XR5230B	NL	12.468	11.429	9.351	9.085	9.011	9.754	9.897	9.906	7.123	7.710	9.450	8.353
O4661XR5230B	PL	13.351	12.324	21.568	14.379	20.541	24.023	28.642	29.624	14.452	26.045	26.525	35.057
O4661XR5230B	PT	120.163	121.190	118.109	124.272	138.650	167.211	178.099	165.265	85.862	113.242	138.400	159.662
O4661XR5230B	RO	39.365	44.575	23.225	31.670	26.947	48.396	54.420	62.919	37.552	45.215	69.309	38.068
O4661XR5230B	SE	178.118	179.217	178.712	176.831	188.532	186.969	176.646	158.904	60.875	69.018	104.897	96.321
O4661XR5230B	SI	0.000	0.000	0.000	0.000	0.000	0.000	0.000	0.000	0.000	0.000	0.000	0.000
O4661XR5230B	SK	0.000	0.000	0.000	0.000	0.000	0.000	0.000	0.000	0.000	0.000	0.000	0.000
O4671XR5220B	AT	5178.887	5628.085	5544.058	5667.552	5938.143	6111.428	6172.298	6209.397	5491.700	5695.664	5324.162	4988.955
O4671XR5220B	BE	6784.706	6635.021	6642.718	7079.995	6878.573	6694.013	6558.128	6280.811	5289.477	5650.971	5479.034	5432.955
O4671XR5220B	BG	1612.468	1387.167	1584.179	1814.531	1848.882	1875.804	2012.896	2134.916	2001.035	2172.217	2119.874	2179.002
O4671XR5220B	CY	278.425	235.640	229.013	247.188	274.747	299.366	312.014	323.392	289.907	312.010	299.093	314.698
O4671XR5220B	CZ	3537.766	3584.271	3757.143	3980.648	4156.368	4333.060	4393.177	4447.755	4173.360	4556.431	4647.696	4711.340
O4671XR5220B	DE	29832.286	31182.711	32175.295	32943.915	34277.950	34800.538	33506.402	33965.932	30618.749	29966.107	29679.325	28140.672
O4671XR5220B	DK	2390.580	2364.063	2414.692	2507.128	2566.780	2623.062	2699.220	2605.238	2427.056	2449.827	2428.172	2404.982
O4671XR5220B	EE	485.963	483.942	482.932	503.138	505.159	517.434	521.490	508.345	502.738	552.154	569.316	571.915
O4671XR5220B	EL	1848.768	2043.107	2155.030	2253.726	2418.558	2415.096	2503.645	2669.844	2452.448	2627.631	2942.781	3048.113
O4671XR5220B	ES	20466.800	20470.909	20624.964	21433.243	21981.681	22352.441	22412.009	22284.657	18500.024	20929.149	21489.531	20305.520
O4671XR5220B	EU27_2020	168651.000	168506.065	171151.557	175386.695	181004.440	184466.253	184065.512	184037.206	161448.697	174254.177	175636.322	170283.841
O4671XR5220B	FI	2428.778	2403.095	2099.742	2109.386	2507.914	2351.958	2425.940	2323.050	2194.887	2037.397	2047.421	1924.033
O4671XR5220B	FR	33103.429	33185.132	33036.384	33468.303	33502.557	33356.695	32315.339	31452.537	26663.531	29762.968	29681.203	27903.530
O4671XR5220B	HR	1155.027	1195.837	1215.191	1309.720	1371.808	1544.684	1482.625	1565.294	1401.530	1498.237	1630.341	1847.829
O4671XR5220B	HU	2138.722	1984.236	2272.141	2559.043	2590.312	2797.291	2994.024	3152.845	2690.728	3067.799	3343.429	3025.788
O4671XR5220B	IE	2224.421	2364.871	2514.932	2727.035	2951.306	2955.000	3083.725	3124.197	2705.544	2887.042	3014.292	3017.864
O4671XR5220B	IT	21910.490	21433.290	22773.316	22089.567	22136.371	20987.313	21607.464	21650.600	17648.984	21672.639	22405.959	22298.563
O4671XR5220B	LT	1025.623	1052.370	1215.934	1313.399	1429.076	1518.956	1627.673	1694.213	1654.271	1650.172	1591.343	1600.465
O4671XR5220B	LU	1786.428	1771.169	1689.466	1569.287	1520.404	1539.206	1636.620	1666.884	1250.252	1300.478	1085.818	1005.751
O4671XR5220B	LV	621.092	642.404	679.954	736.786	752.008	810.883	822.346	831.847	779.899	814.522	815.856	816.232
O4671XR5220B	MT	102.704	103.731	106.812	114.001	112.974	119.317	136.253	144.856	118.376	125.215	152.074	161.259
O4671XR5220B	NL	6548.925	6164.058	5456.234	5556.627	5475.168	5632.571	5621.603	5402.601	4654.101	4585.772	4437.269	4365.095
O4671XR5220B	PL	9715.300	8930.341	9153.728	9817.450	11653.793	13899.604	14257.465	14380.020	13965.032	15118.191	15242.904	14722.484
O4671XR5220B	PT	3792.849	3740.470	3813.390	3875.012	4041.392	4140.631	4177.960	4276.587	3623.834	3876.993	4068.297	4278.116
O4671XR5220B	RO	3582.873	3519.020	3567.670	3676.119	3960.924	4285.444	4446.030	4582.644	4522.440	4809.929	5267.295	5550.939
O4671XR5220B	SE	3429.522	3404.515	3353.218	3491.304	3308.936	3278.213	3098.409	3155.470	3023.193	3052.417	2634.454	2659.437
O4671XR5220B	SI	1297.291	1243.394	1276.882	1275.894	1396.972	1447.308	1436.302	1384.737	1136.958	1289.038	1409.956	1246.763
O4671XR5220B	SK	1370.877	1353.216	1316.539	1266.698	1445.684	1778.937	1804.455	1818.537	1668.643	1793.207	1829.427	1761.541
O4680	AT	0.000	0.000	0.000	0.000	0.000	0.000	0.000	0.000	0.000	0.000	0.000	0.000
O4680	BE	0.955	0.955	0.955	0.955	0.955	1.242	0.764	0.669	0.579	0.579	0.482	0.482
O4680	BG	0.000	0.000	0.000	0.000	0.000	0.000	0.000	0.000	0.000	0.000	0.000	0.000
O4680	CY	0.000	0.000	0.000	0.000	0.000	0.000	0.000	0.000	0.000	0.000	0.000	0.000
O4680	CZ	0.000	0.000	0.000	0.000	0.000	0.000	0.000	0.000	0.000	0.000	0.000	0.000
O4680	DE	0.000	0.000	0.000	0.000	0.000	0.000	0.000	0.000	0.000	0.000	0.000	0.000
O4680	DK	14.474	18.334	12.544	0.930	0.056	0.000	0.109	4.878	10.280	20.036	8.490	2.423
O4680	EE	0.000	0.000	0.000	0.000	0.000	0.000	0.000	0.000	0.000	0.000	0.000	0.000
O4680	EL	325.786	249.355	257.954	311.455	306.678	313.598	340.824	343.032	291.691	297.575	314.243	319.566
O4680	ES	104.213	123.512	83.950	107.108	224.830	491.153	491.153	564.488	344.483	388.100	466.694	395.569
O4680	EU27_2020	1027.153	936.937	893.969	944.010	1139.157	1336.048	1361.146	1436.711	1134.902	1130.059	1224.142	1112.482
O4680	FI	39.177	28.930	15.430	10.603	9.649	10.614	10.614	11.579	5.790	3.860	3.860	3.860
O4680	FR	21.357	22.683	20.400	20.347	13.061	12.855	14.354	11.319	7.868	9.808	12.382	11.237
O4680	HR	1.930	0.000	0.000	0.000	0.000	0.000	0.000	0.000	0.000	0.000	0.000	0.000
O4680	HU	0.000	0.000	0.000	0.000	0.000	0.000	0.000	0.000	0.000	0.000	0.000	0.000
O4680	IE	19.698	19.698	14.774	0.000	0.000	0.000	0.000	0.000	0.000	0.000	0.000	0.000
O4680	IT	320.054	287.570	340.117	390.752	456.673	388.497	344.329	360.330	364.022	314.597	322.149	292.742
O4680	LT	0.000	0.000	0.000	0.000	0.000	0.000	0.000	0.000	0.000	0.000	0.000	0.000
O4680	LU	0.000	0.000	0.000	0.000	0.000	0.000	0.000	0.000	0.000	0.000	0.000	0.000
O4680	LV	0.000	0.000	0.000	0.000	0.000	0.000	0.000	0.000	0.000	0.000	0.000	0.000
O4680	MT	1.911	0.000	0.000	0.000	0.000	0.000	0.000	0.000	0.104	0.160	0.000	0.367
O4680	NL	0.000	0.000	0.000	0.000	0.000	0.000	0.000	0.000	0.000	0.000	0.000	0.000
O4680	PL	0.000	0.000	0.000	0.000	0.000	0.000	0.000	0.000	0.000	0.000	0.000	0.000
O4680	PT	81.208	84.074	50.635	48.725	70.698	59.811	62.172	59.792	44.938	42.984	47.748	37.928
O4680	RO	0.000	0.000	0.000	0.000	0.000	0.000	0.000	0.000	0.000	0.000	0.000	0.000
O4680	SE	96.390	101.826	97.210	53.135	56.557	58.278	96.827	80.624	65.147	52.360	48.094	48.308
O4680	SI	0.000	0.000	0.000	0.000	0.000	0.000	0.000	0.000	0.000	0.000	0.000	0.000
O4680	SK	0.000	0.000	0.000	0.000	0.000	0.000	0.000	0.000	0.000	0.000	0.000	0.000
R5210B	AT	77.253	66.090	62.921	59.845	57.128	56.020	57.594	56.502	56.184	52.134	51.594	99.839
R5210B	BE	53.744	53.441	38.454	40.160	42.652	95.780	112.395	128.423	128.397	160.021	167.444	183.671
R5210B	BG	0.000	8.383	14.832	32.244	32.889	26.650	28.595	31.819	26.507	20.750	20.898	21.066
R5210B	CY	0.000	0.000	0.000	0.000	0.000	0.000	0.000	0.000	0.652	0.000	0.000	0.000
R5210B	CZ	56.105	53.525	65.778	63.199	48.366	59.329	61.264	73.517	65.778	55.460	63.199	62.554
R5210B	DE	780.991	758.169	774.017	740.420	744.857	733.446	746.759	718.866	690.340	734.714	748.027	786.696
R5210B	DK	50.380	45.916	44.640	44.003	43.902	43.596	42.931	43.696	79.754	81.843	79.920	83.992
R5210B	EE	3.841	3.201	5.121	2.560	1.920	0.960	4.901	7.377	6.188	4.221	2.030	2.271
R5210B	EL	0.000	0.000	0.000	0.000	0.000	0.000	0.000	25.155	62.669	67.853	0.000	0.000
R5210B	ES	199.914	168.315	187.661	190.003	134.229	138.005	153.637	129.731	85.882	112.052	101.343	153.625
R5210B	EU27_2020	2440.805	2267.831	2263.277	2307.920	2279.114	2414.806	2593.866	2701.263	2662.724	3029.037	3237.057	3547.283
R5210B	FI	91.402	66.265	69.955	65.579	67.626	80.724	84.389	89.157	93.473	113.489	118.639	136.635
R5210B	FR	402.619	393.546	414.118	433.844	473.982	539.404	585.982	653.439	565.205	716.383	849.549	844.678
R5210B	HR	1.274	1.274	0.000	0.000	0.000	0.263	0.403	0.957	0.758	0.803	0.171	0.000
R5210B	HU	50.826	31.131	60.356	42.567	43.838	45.108	50.826	45.744	83.864	87.040	90.217	87.040
R5210B	IE	28.644	27.709	24.801	24.140	26.766	29.610	27.277	26.194	19.439	20.328	23.285	32.781
R5210B	IT	105.082	74.318	10.001	24.802	32.543	33.061	32.611	30.436	19.636	27.090	34.991	85.104
R5210B	LT	8.383	6.449	5.804	9.673	6.449	8.255	7.997	9.738	15.735	16.509	19.669	20.443
R5210B	LU	1.277	0.642	3.093	7.150	8.838	6.712	9.991	17.053	13.810	17.873	19.885	23.305
R5210B	LV	6.401	6.401	6.401	7.681	8.321	7.912	8.460	7.307	12.750	11.724	10.110	8.700
R5210B	MT	0.000	0.000	0.000	0.000	0.000	0.000	0.000	0.000	0.000	0.000	0.000	0.000
R5210B	NL	124.463	125.107	128.332	142.125	120.588	128.942	170.670	198.741	226.450	233.249	251.087	257.489
R5210B	PL	138.385	144.124	132.846	153.482	167.670	176.160	172.839	187.318	183.016	208.008	231.938	243.638
R5210B	PT	1.290	1.935	1.935	21.281	25.150	2.947	5.600	8.185	6.417	17.111	25.720	25.392
R5210B	RO	59.329	55.689	41.607	61.450	81.294	91.073	90.437	97.813	91.629	120.941	143.901	154.812
R5210B	SE	175.395	150.800	138.435	112.265	90.211	87.061	112.957	90.016	94.203	114.777	148.901	186.233
R5210B	SI	6.001	7.595	7.589	6.518	4.346	4.227	7.796	4.238	8.042	8.582	6.451	8.626
R5210B	SK	17.806	17.806	24.580	22.929	15.549	19.561	17.555	19.841	25.946	26.082	28.088	38.693
R5210P	AT	0.000	0.000	0.000	0.000	0.000	0.000	0.000	0.000	0.000	0.000	0.000	0.000
R5210P	BE	0.000	0.000	0.000	0.000	0.000	0.000	0.000	0.000	0.000	0.000	0.000	0.000
R5210P	BG	0.000	0.000	0.000	0.000	0.000	0.000	0.000	0.000	0.000	0.000	0.000	0.000
R5210P	CY	0.000	0.000	0.000	0.000	0.000	0.000	0.000	0.000	0.000	0.000	0.000	0.000
R5210P	CZ	0.000	0.000	0.000	0.000	0.000	0.000	0.000	0.000	0.000	0.000	0.000	0.000
R5210P	DE	10.777	6.973	5.071	3.804	0.000	0.000	0.000	0.000	0.000	0.000	0.000	0.000
R5210P	DK	0.000	0.000	0.000	0.000	0.000	0.000	0.000	0.000	0.000	0.000	0.000	0.000
R5210P	EE	0.000	0.000	0.000	0.000	0.000	0.000	0.000	0.000	0.000	0.000	0.000	0.000
R5210P	EL	0.000	0.000	0.000	0.000	0.000	0.000	0.000	0.000	0.000	0.000	0.000	0.000
R5210P	ES	0.000	0.000	0.048	0.015	0.000	0.000	0.275	0.559	0.284	0.010	0.005	0.028
R5210P	EU27_2020	29.084	25.119	21.699	20.967	10.632	7.615	5.986	3.732	3.457	2.548	1.909	1.932
R5210P	FI	0.000	0.000	0.000	0.000	0.000	0.000	0.000	0.000	0.000	0.000	0.000	0.000
R5210P	FR	0.000	0.000	0.000	0.000	0.000	0.000	0.000	0.000	0.000	0.000	0.000	0.000
R5210P	HR	0.000	0.000	0.000	0.000	0.000	0.000	0.000	0.000	0.000	0.000	0.000	0.000
R5210P	HU	0.000	0.000	0.000	0.000	0.000	0.000	0.000	0.000	0.000	0.000	0.000	0.000
R5210P	IE	0.000	0.000	0.000	0.000	0.000	0.000	0.000	0.000	0.000	0.000	0.000	0.000
R5210P	IT	0.000	0.000	0.000	0.000	0.000	0.000	0.000	0.000	0.000	0.000	0.000	0.000
R5210P	LT	0.000	0.000	0.000	0.000	0.000	0.000	0.000	0.000	0.000	0.000	0.000	0.000
R5210P	LU	0.000	0.000	0.000	0.000	0.000	0.000	0.000	0.000	0.000	0.000	0.000	0.000
R5210P	LV	0.000	0.000	0.000	0.000	0.000	0.000	0.000	0.000	0.000	0.000	0.000	0.000
R5210P	MT	0.000	0.000	0.000	0.000	0.000	0.000	0.000	0.000	0.000	0.000	0.000	0.000
R5210P	NL	0.000	0.000	0.000	0.000	0.000	0.000	0.000	0.000	0.000	0.000	0.000	0.000
R5210P	PL	0.000	0.000	0.000	0.000	0.000	0.000	0.000	0.000	0.000	0.000	0.000	0.000
R5210P	PT	0.000	0.000	0.000	0.000	0.000	0.000	0.000	0.000	0.000	0.000	0.000	0.000
R5210P	RO	0.000	0.000	0.000	0.000	0.000	0.000	0.000	0.000	0.000	0.000	0.000	0.000
R5210P	SE	18.307	18.146	16.580	17.148	10.632	7.615	5.711	3.173	3.173	2.538	1.904	1.904
R5210P	SI	0.000	0.000	0.000	0.000	0.000	0.000	0.000	0.000	0.000	0.000	0.000	0.000
R5210P	SK	0.000	0.000	0.000	0.000	0.000	0.000	0.000	0.000	0.000	0.000	0.000	0.000
R5220B	AT	349.549	365.358	361.073	374.951	381.780	380.932	364.872	363.229	328.169	350.590	326.032	344.506
R5220B	BE	297.776	295.458	380.405	220.759	398.019	381.774	365.299	355.854	572.208	612.057	634.727	630.593
R5220B	BG	85.928	95.878	95.878	113.968	130.249	139.594	135.032	147.614	145.550	146.768	169.250	155.938
R5220B	CY	15.907	15.023	9.721	9.721	8.837	8.570	8.950	10.739	24.086	24.369	23.273	21.332
R5220B	CZ	219.165	223.584	250.979	233.305	252.747	254.514	247.444	266.886	306.654	287.212	259.817	241.258
R5220B	DE	1994.409	1865.234	1952.484	1789.192	1792.109	1825.256	1911.118	1900.247	2575.667	2141.247	2176.319	2156.514
R5220B	DK	155.847	162.117	168.707	170.261	173.465	171.837	170.982	182.662	171.719	174.789	153.714	132.703
R5220B	EE	0.000	0.000	0.000	0.000	0.000	1.511	12.574	20.023	32.739	41.445	25.994	20.100
R5220B	EL	103.396	121.296	134.480	141.511	149.422	165.812	158.785	160.891	136.819	148.670	0.000	0.000
R5220B	ES	1952.106	740.329	783.931	792.140	983.272	1137.290	1486.556	1471.927	1281.365	1267.894	1256.926	1746.320
R5220B	EU27_2020	10638.838	9416.784	10233.630	10128.924	9930.671	10758.498	12021.652	12495.968	12732.049	13071.587	12818.378	13182.767
R5220B	FI	102.871	155.966	426.232	430.278	108.860	310.118	281.465	338.518	301.490	557.424	426.897	424.913
R5220B	FR	2275.484	2293.678	2541.224	2562.430	2514.736	2593.901	2546.990	2539.585	2086.767	2164.244	2105.698	2172.915
R5220B	HR	27.556	22.392	13.450	16.896	0.000	0.000	26.231	61.392	64.646	90.390	20.829	0.281
R5220B	HU	103.002	105.689	128.081	132.559	143.308	119.124	142.412	156.743	195.257	197.944	214.066	225.709
R5220B	IE	56.219	73.682	89.613	98.327	85.770	131.104	127.033	161.980	155.137	158.097	200.562	268.819
R5220B	IT	1262.850	1178.012	1055.173	1141.779	1008.336	1028.682	1217.077	1245.660	1245.077	1388.392	1354.083	1254.768
R5220B	LT	52.140	51.256	57.442	58.326	50.373	63.452	69.815	65.396	87.136	110.289	100.038	97.652
R5220B	LU	46.978	54.335	67.455	76.096	80.509	106.633	112.828	112.522	128.648	120.724	109.747	102.095
R5220B	LV	13.328	12.439	15.993	15.105	2.666	1.364	29.373	27.620	32.359	35.034	5.921	3.141
R5220B	MT	1.767	3.764	5.646	5.646	6.587	7.417	10.021	10.673	14.013	10.629	12.609	13.287
R5220B	NL	188.234	174.095	220.932	152.304	115.256	174.202	322.802	411.319	294.207	358.623	298.923	288.941
R5220B	PL	635.598	597.898	563.820	498.424	285.445	428.681	738.752	797.285	837.131	836.888	890.917	1042.013
R5220B	PT	267.770	255.398	254.514	302.236	237.723	237.855	252.584	262.060	235.399	322.063	314.548	328.756
R5220B	RO	83.835	96.685	90.532	95.806	164.364	182.026	201.684	270.426	339.039	278.752	276.566	241.282
R5220B	SE	228.163	323.083	420.445	553.009	713.531	756.127	882.635	926.761	926.216	1016.940	1244.744	1056.312
R5220B	SI	45.830	52.880	36.135	22.915	14.101	20.819	65.981	90.838	85.246	94.702	72.917	86.246
R5220B	SK	73.130	81.255	109.285	120.980	129.206	129.903	132.357	137.118	129.305	135.411	143.261	126.373
R5220P	AT	64.149	70.824	172.452	218.350	104.192	41.226	70.690	64.340	24.788	19.183	25.900	50.683
R5220P	BE	0.000	0.000	0.000	0.000	0.000	0.000	0.000	0.000	0.000	0.000	0.000	0.000
R5220P	BG	0.000	0.000	0.000	0.000	0.000	0.000	0.000	0.000	0.000	0.000	0.000	0.000
R5220P	CY	0.000	0.000	0.000	0.000	0.000	0.000	0.000	0.000	0.000	0.000	0.000	0.000
R5220P	CZ	0.000	0.000	0.000	0.000	0.000	0.000	0.000	0.000	0.000	0.000	0.000	0.000
R5220P	DE	122.139	24.744	1.815	1.793	0.896	5.314	3.541	1.773	5.549	9.972	23.458	38.783
R5220P	DK	0.000	0.000	0.000	0.000	0.000	0.000	0.000	0.000	0.000	0.000	0.000	0.000
R5220P	EE	0.000	0.000	0.000	0.000	0.000	0.000	0.000	0.000	0.000	0.000	0.000	0.000
R5220P	EL	0.000	0.000	0.000	0.000	0.000	0.000	0.000	0.067	0.044	0.000	0.000	0.000
R5220P	ES	0.000	0.000	6.129	3.061	4.117	14.534	41.416	28.777	34.934	21.343	15.078	3.605
R5220P	EU27_2020	300.988	197.490	358.685	416.449	326.283	501.443	488.571	462.868	433.129	460.455	586.699	791.809
R5220P	FI	0.000	0.000	0.000	0.000	0.000	0.000	0.000	0.000	0.000	0.000	0.000	0.000
R5220P	FR	0.000	0.000	0.000	0.000	0.000	0.000	0.000	0.000	0.000	0.000	100.766	167.434
R5220P	HR	8.110	9.069	16.375	7.390	0.853	0.329	0.369	0.233	0.150	0.000	0.000	0.000
R5220P	HU	0.000	0.000	0.000	0.000	0.000	0.000	0.000	0.000	0.000	0.000	0.000	0.000
R5220P	IE	0.085	0.052	0.000	0.000	0.000	0.000	0.000	0.000	0.000	0.000	0.000	0.000
R5220P	IT	0.000	0.000	0.000	0.000	0.000	0.000	0.000	0.000	0.000	0.000	0.000	149.081
R5220P	LT	0.000	0.000	0.000	0.000	0.000	0.000	0.000	0.000	0.000	0.000	0.000	0.000
R5220P	LU	0.000	0.000	0.000	0.000	0.000	0.000	0.000	0.000	0.000	0.000	0.000	0.000
R5220P	LV	0.000	0.000	0.000	0.000	0.000	0.000	0.000	0.000	0.000	0.000	0.000	0.000
R5220P	MT	0.865	1.240	1.537	1.035	0.000	0.000	0.000	0.000	0.000	0.000	0.000	0.000
R5220P	NL	0.000	0.000	0.000	0.000	0.000	0.000	0.000	0.000	0.000	0.000	0.000	0.000
R5220P	PL	33.367	5.508	8.705	1.522	4.303	0.046	0.813	40.500	19.385	74.792	80.565	4.957
R5220P	PT	0.000	0.000	0.000	0.000	0.000	2.060	4.215	1.848	1.413	1.059	0.845	0.901
R5220P	RO	44.423	51.068	34.511	45.222	11.501	24.133	4.949	44.106	52.585	96.070	138.208	134.312
R5220P	SE	27.850	34.985	117.161	138.076	200.421	413.801	362.578	281.224	294.281	238.036	201.879	242.053
R5220P	SI	0.000	0.000	0.000	0.000	0.000	0.000	0.000	0.000	0.000	0.000	0.000	0.000
R5220P	SK	0.000	0.000	0.000	0.000	0.000	0.000	0.000	0.000	0.000	0.000	0.000	0.000
R5290	AT	0.000	0.000	0.000	0.000	0.000	0.000	0.000	0.000	0.000	0.000	0.000	0.000
R5290	BE	0.000	0.000	0.000	0.000	0.000	0.000	0.000	0.000	0.000	0.000	0.000	0.000
R5290	BG	0.000	0.000	0.000	0.000	0.000	0.000	0.000	0.000	0.000	0.000	0.000	0.000
R5290	CY	0.000	0.000	0.000	0.000	0.000	0.000	0.000	0.000	0.000	0.000	0.000	0.000
R5290	CZ	0.000	0.000	0.000	0.000	0.000	0.000	0.000	0.000	0.000	0.000	0.000	0.000
R5290	DE	11.541	0.000	2.956	0.607	1.602	1.650	0.667	1.286	0.715	1.365	1.907	2.424
R5290	DK	0.000	0.000	0.000	0.000	0.000	0.000	0.000	0.000	0.000	0.000	0.000	0.000
R5290	EE	0.000	0.000	0.000	0.000	0.000	0.000	0.000	0.000	0.000	0.000	0.000	0.000
R5290	EL	0.000	0.000	0.000	0.000	0.000	0.000	0.000	0.000	0.000	0.000	0.000	0.000
R5290	ES	0.000	0.000	0.000	0.000	0.000	0.000	0.000	0.000	0.000	0.000	0.000	0.000
R5290	EU27_2020	15.939	4.139	7.797	3.891	3.880	1.689	0.927	2.245	2.026	3.354	3.971	16.819
R5290	FI	0.000	0.000	0.000	0.000	0.000	0.000	0.000	0.000	0.000	0.000	0.000	0.000
R5290	FR	0.000	0.000	0.000	0.000	0.000	0.000	0.000	0.000	0.000	0.000	0.000	0.000
R5290	HR	0.000	0.000	0.000	0.000	0.000	0.000	0.000	0.000	0.000	0.000	0.000	0.000
R5290	HU	0.000	0.000	0.000	0.000	0.000	0.000	0.000	0.000	0.000	0.000	0.000	0.000
R5290	IE	0.000	0.000	0.000	0.000	0.000	0.000	0.241	0.940	1.289	1.959	2.049	0.301
R5290	IT	0.000	0.000	0.000	0.000	0.000	0.000	0.000	0.000	0.000	0.000	0.000	14.046
R5290	LT	0.000	0.000	0.000	0.000	0.000	0.000	0.000	0.000	0.000	0.000	0.000	0.000
R5290	LU	0.220	0.169	0.126	0.058	0.051	0.039	0.019	0.019	0.022	0.030	0.015	0.048
R5290	LV	0.000	0.000	0.000	0.000	0.000	0.000	0.000	0.000	0.000	0.000	0.000	0.000
R5290	MT	0.000	0.000	0.000	0.000	0.000	0.000	0.000	0.000	0.000	0.000	0.000	0.000
R5290	NL	0.000	0.000	0.000	0.000	0.000	0.000	0.000	0.000	0.000	0.000	0.000	0.000
R5290	PL	0.000	0.000	0.000	0.000	0.000	0.000	0.000	0.000	0.000	0.000	0.000	0.000
R5290	PT	4.178	3.970	4.715	3.226	2.227	0.000	0.000	0.000	0.000	0.000	0.000	0.000
R5290	RO	0.000	0.000	0.000	0.000	0.000	0.000	0.000	0.000	0.000	0.000	0.000	0.000
R5290	SE	0.000	0.000	0.000	0.000	0.000	0.000	0.000	0.000	0.000	0.000	0.000	0.000
R5290	SI	0.000	0.000	0.000	0.000	0.000	0.000	0.000	0.000	0.000	0.000	0.000	0.000
R5290	SK	0.000	0.000	0.000	0.000	0.000	0.000	0.000	0.000	0.000	0.000	0.000	0.000
R5300	AT	0.011	0.018	0.548	0.416	0.408	0.256	0.367	0.381	0.335	0.350	0.355	0.556
R5300	BE	0.000	0.000	0.000	0.000	0.000	0.000	0.000	0.000	0.000	0.000	0.000	0.000
R5300	BG	0.000	0.000	0.000	0.000	0.000	0.000	0.000	0.000	0.000	0.000	0.000	0.000
R5300	CY	0.000	0.000	0.000	0.000	0.000	0.000	0.000	0.000	0.000	0.000	0.000	0.000
R5300	CZ	0.000	0.000	0.000	0.000	0.000	0.000	0.000	0.000	0.000	0.000	0.000	0.086
R5300	DE	28.662	41.488	38.621	29.665	32.555	38.287	33.415	56.798	75.977	0.000	0.000	0.000
R5300	DK	0.000	0.000	0.000	0.019	0.099	0.336	0.000	0.800	0.000	0.000	0.000	0.000
R5300	EE	0.000	0.000	0.000	0.000	0.000	0.000	1.204	2.493	3.069	4.739	5.073	7.717
R5300	EL	0.000	0.000	0.000	0.000	0.000	0.000	0.000	0.000	0.000	0.000	0.000	0.000
R5300	ES	0.000	0.000	0.000	0.000	0.000	0.000	0.000	0.000	0.000	0.000	0.000	0.000
R5300	EU27_2020	98.273	116.576	122.908	127.310	132.159	150.348	154.457	158.804	171.766	89.569	92.392	92.767
R5300	FI	0.072	0.096	0.167	0.167	0.191	0.334	0.979	1.552	4.084	5.302	8.503	8.909
R5300	FR	0.000	0.000	0.000	0.000	0.000	0.000	0.000	0.000	0.000	0.000	0.000	0.000
R5300	HR	0.000	0.000	0.000	0.000	0.000	0.000	0.000	0.000	0.000	0.000	0.000	0.000
R5300	HU	0.000	0.000	0.000	0.000	0.000	0.000	0.000	0.000	0.000	0.000	0.000	0.000
R5300	IE	0.000	0.000	0.000	0.000	0.000	0.000	0.000	0.000	0.000	0.000	0.000	0.000
R5300	IT	0.024	0.024	0.024	0.024	0.024	0.024	0.024	0.024	0.024	0.024	0.024	0.024
R5300	LT	0.000	0.000	0.000	0.000	0.000	0.000	0.000	0.000	0.000	0.000	0.000	0.000
R5300	LU	0.000	0.000	0.000	0.000	0.000	0.000	0.000	0.000	0.000	0.000	0.000	0.000
R5300	LV	0.000	0.000	0.000	0.000	0.000	0.000	0.000	0.000	0.000	0.000	0.000	0.000
R5300	MT	0.000	0.000	0.000	0.000	0.000	0.000	0.000	0.000	0.000	0.000	0.000	0.000
R5300	NL	0.000	0.000	0.000	0.000	0.000	0.000	0.000	0.000	0.000	0.000	0.000	0.000
R5300	PL	0.000	0.000	0.000	0.000	0.000	0.000	0.000	0.000	0.000	0.000	0.000	0.000
R5300	PT	0.000	0.000	0.000	0.000	0.000	0.000	0.000	0.000	0.000	0.000	0.000	0.000
R5300	RO	0.000	0.000	0.000	0.000	0.000	0.000	0.000	0.000	0.000	0.000	0.000	0.000
R5300	SE	69.504	74.950	83.548	97.019	98.882	111.111	118.468	96.756	88.277	79.154	78.437	75.475
R5300	SI	0.000	0.000	0.000	0.000	0.000	0.000	0.000	0.000	0.000	0.000	0.000	0.000
R5300	SK	0.000	0.000	0.000	0.000	0.000	0.000	0.000	0.000	0.000	0.000	0.000	0.000
TOTAL	AT	7792.365	8294.925	8228.068	8464.597	8598.512	8724.365	8836.593	8830.326	7713.848	7974.016	7554.494	7388.309
TOTAL	BE	8547.642	8393.755	8526.843	8910.922	9005.124	8857.478	8901.812	8839.799	7745.474	8559.603	8692.334	8875.468
TOTAL	BG	2914.390	2620.341	2916.487	3211.585	3268.077	3324.915	3374.736	3413.546	3209.758	3434.583	3468.082	3527.768
TOTAL	CY	687.941	619.936	599.542	621.949	658.147	681.155	684.771	692.280	617.554	661.604	654.346	683.163
TOTAL	CZ	5788.889	5738.681	5948.768	6195.220	6417.093	6617.264	6659.891	6778.778	6377.501	6749.252	6888.929	7027.815
TOTAL	DE	53259.098	54240.042	55445.775	55144.756	56556.589	57247.225	55470.398	56220.462	51000.996	49902.777	50725.775	49196.831
TOTAL	DK	4064.792	3996.957	4031.340	4217.280	4274.701	4264.797	4308.604	4236.978	3937.535	4022.590	3984.212	3960.154
TOTAL	EE	757.812	739.198	741.510	760.004	776.895	803.862	834.796	839.841	795.628	840.249	845.746	845.792
TOTAL	EL	5615.546	5608.770	5635.497	5753.399	5897.048	5815.313	5897.204	6045.183	5141.857	5530.448	5866.033	6128.632
TOTAL	ES	29798.111	28203.413	28427.130	29439.410	30631.963	31749.555	32513.600	32915.106	26059.067	30350.056	32477.593	32202.670
TOTAL	EU27_2020	269842.444	266246.629	269337.695	273058.171	279383.199	285120.588	286622.198	289168.871	251668.567	272637.030	280598.287	279327.848
TOTAL	FI	4197.694	4209.977	4113.791	4105.519	4180.495	4194.818	4241.568	4178.021	3882.493	4023.489	3856.329	3774.514
TOTAL	FR	45784.887	45618.722	45608.619	46189.642	46411.645	46673.389	45890.954	45647.154	38389.753	43582.259	45082.067	44088.810
TOTAL	HR	1902.891	1924.636	1900.924	1997.802	2045.099	2196.674	2146.863	2235.149	1968.591	2147.878	2234.877	2488.585
TOTAL	HU	3692.233	3459.986	3873.295	4181.253	4261.597	4496.778	4790.228	5070.454	4459.534	4897.618	5277.609	4933.005
TOTAL	IE	3626.674	3687.124	3837.801	3886.315	4098.280	4052.125	4097.465	4125.899	3489.153	3716.859	3989.487	4116.602
TOTAL	IT	36348.734	35701.272	37009.372	36374.374	35814.501	34525.408	35579.484	35861.202	28976.458	34801.761	36684.754	37105.507
TOTAL	LT	1508.424	1502.068	1662.623	1750.186	1864.513	1960.025	2081.494	2150.671	2126.456	2144.972	2103.595	2144.100
TOTAL	LU	2207.321	2166.737	2086.962	1958.228	1907.236	1966.428	2101.340	2153.407	1667.676	1771.034	1554.536	1509.857
TOTAL	LV	929.636	939.540	982.367	1037.650	1033.562	1080.824	1108.725	1098.869	1045.500	1077.062	1022.107	1021.614
TOTAL	MT	181.194	183.709	187.942	199.764	199.742	207.327	227.773	241.714	205.248	215.149	251.962	266.614
TOTAL	NL	11278.336	10761.714	9920.280	9967.474	9958.958	10312.888	10559.675	10550.151	8988.105	9134.753	9099.104	9496.615
TOTAL	PL	16680.374	15744.030	15804.956	16561.088	18557.173	21415.239	22316.791	22746.098	21725.353	23508.374	23856.025	23719.096
TOTAL	PT	5531.309	5435.469	5464.228	5555.183	5690.973	5788.829	5847.575	5982.658	5002.965	5468.095	5793.595	6173.905
TOTAL	RO	5314.735	5188.743	5266.333	5337.702	5738.034	6149.188	6303.748	6571.907	6460.800	6879.222	7444.576	7698.756
TOTAL	SE	7232.473	7148.502	7145.920	7295.500	7224.832	7307.861	7127.429	7026.905	6610.086	6824.465	6575.208	6494.968
TOTAL	SI	1899.103	1809.666	1794.900	1772.570	1882.533	1934.203	1974.630	1926.584	1583.292	1799.603	1954.951	1834.363
TOTAL	SK	2299.840	2308.716	2176.422	2168.799	2429.877	2772.655	2744.051	2789.729	2487.886	2619.259	2659.961	2624.335
