geo,year,A,B,C,D,E,F,G,H,I,J,K,L,M,N,O,P,Q,R,S,T,TOTAL_HH,U
AT,2008,989.64357,127.89254,3487.21314,1280.07544,364.22309,200.68557,308.55977,1008.67794,89.00832,14.17065,18.5088,8.37272,37.11649,45.85978,37.33092,19.1537,27.74673,8.78251,24.27001,0.0,10154.28913,0.0
AT,2009,982.57483,122.52831,3031.29662,1153.16518,343.24384,184.38338,278.37887,924.99256,77.50253,12.10164,15.5918,7.74247,31.76903,40.82074,39.83411,15.66551,20.43672,7.94088,18.64883,0.0,9347.72692,0.0
AT,2010,964.37789,127.67206,3329.09754,1319.52611,330.326,173.05901,267.39344,914.16712,69.58354,12.80922,11.48316,7.8718,33.85288,40.60422,39.13199,12.49061,23.47442,8.49418,15.19645,0.0,9823.8276,0.0
AT,2011,967.96969,131.35087,3297.10515,1266.61468,318.06768,166.16797,236.96598,843.40403,61.77837,11.10066,7.87119,4.91004,28.16346,44.82606,36.28821,11.66006,25.91676,9.01934,12.26786,0.0,9489.84333,0.0
AT,2012,955.72594,118.12238,3195.62786,1090.10717,308.09038,166.3999,219.66705,781.88445,52.64583,9.87427,4.82237,3.34227,26.65984,42.01986,65.02418,7.84684,32.15337,8.39377,9.88795,0.0,9010.26358,0.0
AT,2013,953.01489,103.65458,3166.43737,985.2489,292.58998,156.68639,222.74867,754.66589,50.35316,9.48236,4.65839,3.01846,24.38951,41.30307,62.32473,7.85829,33.66047,8.32554,7.83525,0.0,8768.06988,0.0
AT,2014,960.24704,102.18883,3096.24941,798.92099,283.30412,135.63945,209.508,741.84202,46.69804,8.34427,4.12742,2.63837,20.49138,38.89014,60.68409,7.49946,26.56612,8.10195,9.16611,0.0,8304.17984,0.0
AT,2015,951.73257,95.11268,3120.67812,906.75343,277.06312,120.21477,206.20403,705.55135,45.28835,7.71269,3.93372,2.91894,20.61106,34.54585,62.26887,7.53499,27.32316,8.22445,9.32773,0.0,8359.70133,0.0
AT,2016,956.70039,92.08075,3056.07057,874.81761,274.38774,110.41348,188.07614,691.54339,43.8565,6.1711,3.91027,3.35206,21.59166,31.11952,65.26553,7.59589,19.34496,8.27934,9.44114,0.0,8253.4809,0.0
AT,2017,944.01141,98.84195,3129.29128,947.76076,265.38828,124.00124,191.23691,805.29619,49.34035,6.22647,5.52761,6.79366,20.17508,34.90135,69.97902,8.00875,14.79944,9.94282,11.91317,0.0,8541.71527,0.0
AT,2018,924.02815,93.88714,2936.06218,837.65115,268.26581,125.38055,198.09927,790.53154,47.3891,7.30015,7.44412,6.2084,23.82475,40.42454,54.09991,8.64573,19.11451,12.28663,12.16781,0.0,8129.55448,0.0
AT,2019,907.16884,89.41976,3031.44447,842.41794,260.03169,123.31767,192.11476,1037.45985,44.32385,6.67763,8.69429,5.85086,22.88536,43.322,47.3287,9.49118,26.97071,12.50777,21.79778,0.0,8464.57039,0.0
AT,2020,899.01348,85.04053,2878.65006,691.39312,248.87928,120.80135,192.29092,653.26665,37.15992,6.94509,8.52859,6.2279,24.35472,46.37133,47.71362,9.57633,26.64214,12.93352,21.92909,0.0,7745.25621,0.0
AT,2021,900.51248,98.1652,3082.26838,687.09421,213.6301,113.21414,207.57826,824.8265,39.37935,7.91368,9.76751,7.14191,28.11594,54.4148,65.45921,10.42992,30.68412,14.82781,25.67694,0.0,8230.70281,0.0
BE,2008,1093.90204,76.12885,4393.02606,1943.09354,324.51898,236.89776,294.32065,797.68715,51.83882,22.63778,27.05776,5.61053,72.86877,144.77469,128.0102,81.53451,89.66468,24.74611,28.63357,3.90987,13015.26419,0.0
BE,2009,1102.75986,60.71114,3320.00455,1964.30437,307.26433,224.00795,295.65074,786.69059,52.73296,24.22354,31.80128,6.43043,81.82315,147.53604,130.68789,64.61831,80.29335,24.68206,30.41358,4.05409,11826.08779,0.0
BE,2010,1109.33638,64.40664,3716.39913,2005.24652,303.13414,230.50337,295.4716,793.64496,65.53925,25.50161,32.86955,6.52583,92.68299,156.53295,125.36063,67.69045,88.97293,27.49546,31.7248,4.17733,12493.46771,0.0
BE,2011,1061.43903,68.56568,3525.36478,1705.75704,290.64872,235.11076,258.85751,737.38165,54.06065,23.81183,28.46903,6.61047,81.47778,146.3626,107.45256,54.54813,78.24696,25.40979,26.87564,3.21746,11417.4539,0.0
BE,2012,1055.61013,64.0102,3277.62349,1649.84792,288.73703,229.4549,261.49127,673.20128,64.69367,24.32577,28.22866,6.53668,84.4373,144.75154,108.84468,48.84827,83.26266,25.32712,27.08598,3.45644,11059.96191,0.0
BE,2013,1057.29677,57.1687,3284.17148,1526.17286,257.34321,242.00952,269.97011,540.74232,71.0599,27.7778,29.72814,7.31442,94.81494,154.69431,108.3611,46.78341,79.88921,26.27408,30.83423,3.80196,10958.9889,0.0
BE,2014,1048.73818,55.3505,3286.55848,1406.06665,257.53086,223.30218,239.12023,551.3526,53.00615,26.17069,24.36495,7.29006,78.84593,151.26047,92.8908,41.01359,72.16776,28.49198,36.45008,6.18241,10394.4101,0.0
BE,2015,1069.95107,38.72018,3254.34658,1474.01008,247.34458,245.98458,247.88781,632.43282,58.00154,24.52992,26.95129,7.14251,87.84944,160.29613,98.94672,46.55428,77.36799,29.79158,40.92927,7.18252,10646.38427,0.0
BE,2016,1058.4152,40.54448,3255.74086,1354.592,235.13088,244.00728,242.0188,678.24785,59.4418,24.43324,27.24576,7.52534,94.28702,172.10908,97.65993,45.5965,78.26169,27.37178,45.13866,11.30364,10543.35299,0.0
BE,2017,1060.90691,38.54926,3258.39946,1355.85209,244.62488,242.50745,235.14122,637.41978,59.12327,25.75224,26.61575,8.04973,97.54246,177.13193,93.83298,43.89495,73.92279,31.15294,52.37082,14.13436,10481.06442,0.0
BE,2018,1055.9713,40.03323,3276.64336,1361.03292,252.1852,250.60326,235.03339,681.91443,64.50757,25.06037,26.1935,8.45386,97.22162,187.56129,98.38583,41.37469,76.5316,32.1208,54.05126,14.78973,10528.51201,0.0
BE,2019,1063.58761,41.36071,3235.57288,1368.41381,244.15223,247.5021,225.33751,686.73741,62.49937,26.25899,23.55977,8.73989,105.8952,196.56517,90.85414,35.48861,77.42514,31.89938,54.07297,14.35141,10426.01171,0.0
BE,2020,1062.83183,39.35146,2967.76616,1263.34797,227.76667,230.28414,200.04545,566.03667,55.33702,22.34758,20.5555,6.70668,95.44649,161.20276,85.66921,33.04739,68.99653,29.10625,40.78889,11.49648,9383.19809,0.0
BE,2021,1069.72546,39.68977,3018.00768,1163.29679,223.24844,223.94167,198.83549,542.85041,60.01848,23.65639,19.59507,6.62095,102.2311,153.73945,91.4757,37.54916,75.85611,31.3643,44.89111,12.8514,9541.82687,0.0
BG,2008,551.39628,218.47269,1726.18479,4284.47903,468.77764,70.30745,74.93232,874.09415,11.13647,4.78335,4.06939,6.17134,8.22337,16.47868,10.62226,26.48207,9.922,3.40679,4.33803,0.0,8970.77895,1e-05
BG,2009,559.95788,206.7236,1040.89328,3920.79871,475.81566,75.11707,73.03798,817.11555,10.74579,4.8134,4.1545,5.93048,8.31898,15.95809,14.69231,26.69021,9.42187,3.41253,4.23012,0.0,7821.08665,1e-05
BG,2010,651.38505,214.46168,1071.78961,4227.70194,478.12153,63.82327,71.80701,793.64648,10.18579,4.6543,3.95523,5.57646,8.00905,15.13383,11.09929,25.20758,9.73657,3.23812,3.96702,0.0,8210.93632,1e-05
BG,2011,626.80639,254.75426,1067.97326,4925.43186,485.95997,68.40274,74.20463,823.28723,9.95951,4.55325,3.72633,5.40154,7.70362,14.67857,12.49446,23.59824,9.15472,3.07815,3.76311,0.0,8989.79004,1e-05
BG,2012,670.10371,233.95666,1021.44957,4299.161,480.36805,68.46521,79.14248,860.55159,10.32992,4.61501,3.60054,5.54384,7.71977,15.12131,8.44959,23.12048,9.49862,3.05768,3.7874,0.0,8350.05501,0.0
BG,2013,719.10185,206.08873,1037.39807,3723.27451,472.21012,63.78179,68.78901,771.49504,9.58497,3.96105,3.04184,4.83187,6.59756,13.13673,8.51422,19.58931,7.05367,2.59378,3.25458,0.0,7657.64685,0.0
BG,2014,815.02309,213.22114,1070.27332,3995.98754,461.10277,75.17266,78.28372,866.49884,9.96164,4.53464,3.45377,4.92455,7.46112,13.57437,7.64439,21.41982,6.96755,2.85214,3.32868,0.0,8141.45413,0.0
BG,2015,856.68215,240.36715,1192.19759,4167.86889,463.33175,91.17683,84.67195,950.34027,8.78484,4.34632,0.9161,4.65446,4.41707,14.49349,10.31045,6.78334,6.67308,1.49486,2.06613,0.0,8620.08814,0.05401
BG,2016,904.50755,222.08519,1283.34696,3711.69406,452.11564,66.02119,87.82528,1027.56938,9.0819,4.46567,1.00639,4.81899,5.8374,13.98879,12.6053,6.1396,6.7099,1.52512,2.3872,0.0,8343.06918,0.0
BG,2017,918.60159,241.61755,1389.02511,3907.52087,436.54371,66.27386,93.88392,1053.88858,9.29121,4.72752,0.95521,4.94331,4.42285,14.78939,11.60431,6.17115,6.53103,1.54707,2.81437,0.0,8688.2791,0.05363
BG,2018,927.06607,218.63147,1376.49315,3392.17163,423.81088,80.06809,102.5107,1010.69571,11.37711,4.3761,0.9633,5.08641,4.91977,16.99761,7.77919,6.16194,6.55457,1.78661,2.84332,0.0,8124.48159,0.27621
BG,2019,938.74669,198.56342,1361.27165,3245.4723,416.23174,86.96083,98.42141,1039.77894,12.99574,4.02074,1.0727,5.26269,5.40418,17.1623,3.93608,6.46912,6.54165,1.58792,3.23575,0.0,7978.80711,0.57052
BG,2020,922.88256,187.26384,1286.93825,2595.89745,402.60569,87.41944,92.66803,945.02498,8.83853,3.30566,0.96392,4.35017,4.67957,15.19149,3.72501,4.95264,6.18542,1.10986,2.60468,0.0,7136.32586,0.54896
BG,2021,960.71152,215.30368,1344.19106,3262.03063,396.55377,89.92338,103.6108,1068.99073,11.5762,3.98391,1.19992,5.31337,4.9606,16.53476,5.95924,6.40496,6.97194,1.48395,3.21885,0.0,8115.77003,1.51995
CH,2008,925.3803,10.53456,1370.05348,113.5276,531.39863,171.99368,313.8618,924.26866,119.3449,25.77307,49.22778,28.7775,80.34409,39.79506,197.13882,10.72564,121.65364,19.88587,39.99348,0.0,7727.92307,0.0
CH,2009,908.2649,8.76519,1276.84175,110.00831,507.97318,171.90463,306.63862,853.29185,107.02987,28.98874,49.27785,25.81569,80.34666,40.00204,194.12092,10.2104,122.36735,19.99831,40.63471,0.0,7416.97543,0.0
CH,2010,892.92189,8.96582,1299.05766,122.73117,511.52504,172.33421,315.2565,850.13412,117.68341,30.7197,50.73989,18.9977,87.61678,40.81871,203.99099,11.0082,125.79365,19.66206,46.27658,0.0,7557.09253,0.0
CH,2011,880.45774,8.42845,1218.44343,102.29929,506.08196,166.36673,298.30218,919.74313,100.20936,24.91237,47.80414,14.94848,76.61049,38.91549,180.37933,9.74875,108.66868,17.66809,33.70092,0.0,7051.24238,0.0
CH,2012,871.74312,8.48925,1172.12566,108.20721,512.2757,170.26155,303.7555,944.95531,103.79802,23.84142,46.31572,15.64117,83.16077,38.30767,188.59935,10.12396,110.45791,19.79233,37.34138,0.0,7158.93616,0.0
CH,2013,857.86345,8.85809,1171.22451,106.92122,500.17748,168.93524,290.12646,948.81277,99.191,22.38783,44.50437,19.73539,85.01881,36.7465,196.88445,11.12995,111.65567,21.24059,45.3743,0.0,7194.12869,0.0
CH,2014,865.28462,8.70103,1100.74441,81.33653,501.18127,158.26207,251.29625,934.15158,78.80937,21.82523,36.24178,18.93881,70.00612,37.70117,170.95017,9.21388,94.91473,21.56211,36.34621,0.0,6649.70536,0.0
CH,2015,850.33287,8.8931,994.71756,92.8771,507.3911,152.63596,249.27976,967.56276,75.64296,18.10029,30.9497,8.74736,72.50159,36.91852,172.18783,8.8594,96.53672,25.90204,36.57947,0.0,6611.06809,0.0
CH,2016,839.85315,9.24088,974.14974,101.84388,495.71978,147.17707,246.94802,969.211,79.04615,20.69518,32.8164,13.62964,67.63085,35.2491,167.34594,8.75039,94.94264,21.81775,36.12375,0.0,6590.18802,0.0
CH,2017,822.66784,9.13226,962.83967,97.1617,483.25678,144.11537,241.69733,965.69791,78.86301,18.42419,27.45706,16.99302,65.61472,35.70491,158.93376,8.15027,90.58373,20.95981,30.8786,0.0,6433.78215,0.0
CH,2018,803.80451,10.27634,930.53719,95.42367,478.48147,140.1309,223.64647,995.87432,74.12726,15.41546,24.24943,15.61799,70.11194,34.3342,141.03257,7.25484,81.00486,22.67446,30.93101,0.0,6223.18822,0.0
CH,2019,788.3199,9.77184,907.2754,97.13232,473.5124,139.05799,220.0175,1020.85478,64.80711,15.78014,23.1477,11.10046,70.48792,33.4792,141.73704,7.60648,81.96223,24.21159,33.11057,0.0,6175.35738,0.0
CH,2020,776.13151,9.32021,859.18852,89.52289,465.50091,137.14796,205.42132,484.30436,60.90598,16.166,23.56795,14.83277,63.80521,32.23063,129.11021,6.29226,81.16381,24.86176,28.94973,0.0,5298.16994,0.0
CH,2021,772.16803,8.98813,853.48218,96.91773,448.68687,136.47712,207.62815,550.4883,62.11087,20.49965,25.04042,15.66029,68.86081,37.80634,148.123,7.71226,86.25575,25.33046,34.3966,0.0,5496.72633,0.0
CY,2008,760.93309,42.988,2516.14394,5105.67066,712.22622,214.7695,272.34957,1206.73786,89.27911,12.89968,15.60154,5.86825,23.03323,47.05419,90.59834,13.27201,15.07482,11.47396,22.69876,5.06297,13576.51849,0.0
CY,2009,722.61988,35.72713,2085.64424,4970.05175,705.43559,189.68235,266.28934,1203.70345,84.28179,13.24125,14.02638,9.35498,28.05574,43.25857,91.42201,14.03196,14.4525,12.44275,21.06222,5.43942,12921.87027,0.0
CY,2010,717.68579,27.58601,1752.20354,4695.06929,703.65257,180.45904,244.54742,1133.20805,88.60191,13.5385,15.10703,5.94511,28.86095,43.4737,89.96701,14.33609,15.08837,12.49129,23.93428,4.50613,12173.74657,0.0
CY,2011,697.6453,35.72429,1513.67871,4393.41529,698.59826,154.83189,220.21815,841.56506,85.21826,12.66927,16.90331,3.21723,26.16736,36.27503,98.96703,13.10651,13.65257,9.73007,17.69095,4.99519,11251.77754,0.0
CY,2012,656.72112,29.90141,1266.01981,4136.15137,700.96521,122.67538,192.04203,634.52948,71.54741,13.49103,13.26869,2.52453,21.80804,35.44982,89.70279,10.86674,12.90926,8.47928,20.59292,4.78205,10319.95309,0.0
CY,2013,613.95762,13.67936,1619.45913,3312.00591,715.47533,99.50365,162.45613,495.22013,74.9856,12.10549,14.89055,2.19589,19.96337,28.26651,80.94689,11.76495,13.51409,7.93381,20.49934,3.94267,9403.30177,0.0
CY,2014,595.60076,19.03248,2057.1748,3479.14907,739.03932,100.90208,151.34561,387.29741,69.23527,11.63824,11.53312,2.26502,20.66734,28.25094,86.26479,9.24751,13.51252,6.61471,18.52212,3.60508,9842.90079,0.0
CY,2015,623.30666,15.30636,1853.93367,3597.36585,745.43373,105.16541,166.00102,248.52685,75.76756,12.36844,14.65983,3.20199,23.96634,27.87301,75.28595,10.19716,14.83287,8.69577,20.61295,4.25661,9768.86885,0.0
CY,2016,641.26522,16.95116,1851.99915,3906.07998,745.42036,121.65161,176.67692,308.77165,77.10159,12.22282,14.52284,3.62278,26.86598,27.45314,71.89183,10.73993,13.99034,9.3623,21.91219,4.272,10290.6562,0.0
CY,2017,657.17273,24.49667,1911.95702,3856.06516,751.97422,138.83873,191.28914,456.81257,84.03003,13.40138,15.1039,4.16016,30.40698,33.57485,73.54983,10.7057,15.57612,10.6608,22.29677,4.17385,10523.61857,0.0
CY,2018,649.57704,34.29923,1733.94493,3873.11716,753.31896,138.25028,192.21956,585.89761,84.10795,12.72664,14.73976,4.35723,28.44297,34.22717,77.13914,10.23691,15.68939,12.1399,21.3223,3.37955,10365.8675,0.0
CY,2019,663.74158,43.2462,1662.02497,3751.00945,767.5264,157.01585,200.75012,374.92311,100.46001,12.82395,19.01587,5.31104,30.24384,36.36416,76.1244,10.94243,18.15182,11.5538,24.89172,3.83655,10072.86655,0.0
CY,2020,700.42087,46.98688,1757.39393,3399.22831,770.46806,168.54163,204.28785,315.94849,75.17065,12.5246,20.44497,6.34679,31.36872,35.40453,78.91383,12.2159,17.43902,9.41247,16.49605,3.73719,9591.46484,0.0
CY,2021,718.56827,27.9946,1694.23668,3447.54017,763.72647,152.57203,201.08119,316.56182,79.17787,13.47035,19.32044,6.04183,33.59405,38.14094,70.39293,11.21164,17.64495,11.45827,17.34375,3.35727,9645.23516,0.0
CZ,2008,920.23113,1020.40538,2714.93851,5552.38221,511.5122,191.34228,92.22003,881.39787,10.36965,10.40493,6.32481,39.55191,13.73798,30.2228,22.18134,25.02573,33.43452,7.37514,5.22582,0.0,13310.01771,0.0
CZ,2009,833.67963,898.99146,2269.11676,5213.88378,517.59702,175.5963,114.25554,798.47697,19.12976,10.61959,6.77744,35.76509,19.69115,34.29072,21.86113,32.25879,35.11741,6.94277,5.6111,0.0,12302.9336,0.0
CZ,2010,824.17869,911.75315,2114.48753,5600.08207,542.89636,163.04305,106.89224,757.87718,15.77243,10.7028,4.74511,36.44384,21.2859,28.36045,19.40857,23.83979,33.74447,6.91712,5.78934,0.0,12606.10967,0.0
CZ,2011,870.83955,905.57944,1993.94066,5475.78891,550.77954,156.28983,118.41903,733.88288,16.69054,10.05777,5.34488,29.80506,18.09013,25.57047,19.95938,22.28849,32.76614,6.36208,5.47769,0.0,12297.07996,0.0
CZ,2012,859.99361,893.87036,1890.15382,5178.62023,570.59732,145.28283,107.45692,710.06304,14.89824,9.6035,5.67498,25.90697,19.10747,26.38815,23.01397,19.39675,33.32982,6.35446,5.07327,0.0,11887.00498,0.0
CZ,2013,852.04379,785.13235,1848.83678,4879.66598,604.61229,123.53629,105.09035,698.5448,14.42901,8.41292,5.23393,21.46358,16.49185,28.83042,16.83366,16.34377,30.88118,6.33711,4.6457,0.0,11432.51448,0.0
CZ,2014,860.23584,780.79879,1874.73683,4768.43418,604.22191,117.48673,102.84125,724.56967,13.81729,8.37963,5.2069,20.69726,15.31028,36.02619,22.14849,14.63947,27.90776,5.94188,4.86145,0.0,11259.95284,0.0
CZ,2015,912.68111,771.75854,1803.07923,4651.51049,619.15069,115.62305,105.5843,757.43777,14.6173,37.47721,4.64766,17.93669,17.00523,35.40163,19.26507,14.61418,29.42486,5.68144,4.54555,0.0,11256.71758,0.0
CZ,2016,937.25452,732.63582,1776.07897,4789.55337,629.92044,126.29724,109.42066,827.99697,15.17497,9.07383,5.14629,15.61295,18.11559,44.68237,18.69934,14.47885,29.87375,6.44691,4.60763,0.0,11464.94252,0.0
CZ,2017,912.19565,673.12688,1738.11243,4691.71811,636.37757,127.49535,118.17547,864.31708,4.15463,9.26359,5.22921,6.87602,16.85326,51.14831,14.55898,3.77026,25.02149,4.17086,3.32049,0.0,11299.89345,0.0
CZ,2018,893.64415,668.59914,1790.16819,4689.43531,650.40407,124.29119,123.15827,844.4803,7.37519,9.43683,5.57617,14.71269,21.56048,47.11214,20.70935,13.06205,29.22228,6.11452,4.37698,0.0,11298.3924,0.0
CZ,2019,885.52756,572.97862,1717.19476,4298.26243,656.66058,127.2293,123.24886,872.56899,8.82619,9.57137,4.60713,15.19971,18.71681,38.2689,18.13409,10.81837,28.29087,6.18457,3.9451,0.0,10686.75039,0.0
CZ,2020,864.23139,474.84691,1632.65393,3672.82536,671.46638,124.73853,100.07028,737.32542,4.14383,6.70672,4.49345,14.14972,12.28461,36.98997,20.81802,9.6992,29.9043,6.11346,2.81576,0.0,9680.28037,0.0
CZ,2021,888.47899,430.48446,1787.28539,4003.31463,688.16378,145.58694,116.18107,867.58741,6.4129,7.51718,3.52032,15.79353,14.27437,34.23339,22.9677,11.26968,30.26271,5.58969,2.77753,0.0,10444.30854,0.0
DE,2008,803.38383,241.76567,2637.60648,4045.36449,270.74736,109.26835,255.39088,1138.06215,48.96987,52.30979,25.42085,20.08439,113.0089,14.73728,102.47623,61.79711,86.49938,36.37627,52.34862,0.00036,12627.25835,0.0
DE,2009,810.32564,187.05239,2320.05971,3785.31588,268.00136,107.52627,240.61233,1041.70797,49.3939,40.59666,23.0768,18.20937,109.05857,12.07766,94.24179,53.67289,81.39457,33.55505,45.41637,0.00033,11772.60117,0.0
DE,2010,818.27181,227.09837,2468.97866,3918.30643,242.28258,110.80435,268.84189,1069.87868,40.7508,37.63125,20.92453,17.47187,103.11197,21.89647,80.15211,47.21804,95.81043,32.62705,45.25212,0.00036,12220.13286,0.0
DE,2011,843.97656,222.59593,2470.01639,3962.93818,242.6238,112.53151,255.3926,1036.21691,38.23809,41.17139,19.27339,17.29462,101.17039,25.09031,73.99656,41.44612,91.24216,31.08026,42.45572,0.00035,12083.21585,0.0
DE,2012,837.57969,151.1351,2405.3763,4163.18374,228.82818,112.47591,243.1667,1107.28576,35.67109,42.9396,20.51196,17.28065,102.76949,22.13807,72.56721,39.82469,90.46995,31.57424,42.97443,0.00037,12204.37626,0.0
DE,2013,847.13442,138.32915,2445.21821,4193.22615,225.60814,116.39594,259.58488,1116.34266,37.00702,44.16022,22.57902,17.01306,109.53639,22.02549,76.80397,43.75037,97.07979,31.69329,46.81198,0.00031,12397.06675,0.0
DE,2014,857.31252,115.82635,2411.26795,3950.81798,191.17084,107.96509,234.56452,1041.73111,33.81791,18.47737,20.37276,7.42515,43.33041,20.58135,69.5563,39.0378,90.15082,11.88058,71.02677,0.00035,11678.73083,0.0
DE,2015,851.91851,115.55962,2481.42333,3770.44699,180.82431,115.75994,230.54361,1171.70451,34.29696,18.49497,19.74646,7.54503,44.98742,20.5708,69.03204,42.41412,96.64644,13.68113,72.29069,0.00034,11743.88941,0.0
DE,2016,839.77074,105.32751,2507.06312,3689.72736,181.42977,117.85781,226.49136,1109.10705,34.13752,18.38464,19.56,7.42749,47.17271,20.03795,67.41373,41.04661,95.14408,12.99076,71.78837,0.00034,11604.25295,0.0
DE,2017,825.53256,103.74164,2564.30334,3416.61887,180.7012,119.86451,224.69832,1176.73088,31.91939,18.55726,19.41352,7.2857,49.4733,20.21701,63.61584,41.04373,93.07319,12.80214,70.54999,0.00034,11407.83149,0.0
DE,2018,798.16954,120.35892,2455.46398,3240.86264,176.95723,114.94741,212.34821,1213.06835,28.61642,17.73448,17.53222,6.91894,48.89106,18.64902,58.20666,37.72967,84.5872,11.17304,66.54235,0.00033,11048.01375,0.0
DE,2019,786.26674,101.26563,2373.97675,2649.37517,170.97117,116.41377,208.30503,1120.32685,28.38585,18.29292,17.81796,6.8016,52.02743,18.89693,60.35789,38.70911,85.91509,11.40557,65.26975,0.00033,10304.14375,0.0
DE,2020,779.55363,71.60529,2292.01046,2220.07788,153.46473,117.78293,204.80714,798.88173,27.7755,18.39373,18.10287,6.2842,50.19714,17.20182,60.0056,40.78478,93.00371,12.08539,57.75625,0.00026,9216.12568,0.0
DE,2021,764.81135,65.98848,2386.58361,2553.32627,143.67493,120.87025,208.28995,871.52759,25.61522,19.06706,18.76014,6.26085,52.04051,17.58803,62.9932,43.41226,97.6531,11.88746,57.71685,0.00029,9624.49103,0.0
DK,2008,2612.29593,440.33501,1279.03986,3922.71504,423.58646,297.89404,275.37162,8868.9977,36.54044,24.54764,14.3644,20.70807,35.54586,51.68956,53.51355,26.83061,55.63007,13.89578,19.37395,0.00019,20282.22775,0.0
DK,2009,2560.80065,389.64483,1062.81545,3897.6378,398.94267,265.0011,252.16691,7988.26151,34.19337,21.32581,13.00226,19.67048,33.93095,45.77551,70.9478,31.3342,57.6219,15.39146,18.08272,0.00019,18920.00653,0.0
DK,2010,2547.63584,400.77831,1072.13903,3896.47352,385.78053,281.30666,254.79322,7564.6333,36.12178,20.68041,12.26583,24.53712,34.66417,45.53459,64.65431,33.56151,57.67215,15.32785,18.77139,0.00021,18517.11101,0.0
DK,2011,2531.1062,357.82927,1098.5186,3341.58995,402.3506,296.65507,252.35016,7981.66566,31.98594,18.96792,11.2909,21.69516,29.3,45.99945,76.43792,32.6806,50.44133,14.30023,13.22079,0.00028,18235.73488,0.0
DK,2012,2478.71392,347.90628,1060.49922,2678.21534,418.46248,260.93276,236.38712,7531.61573,28.97742,17.47509,10.55449,25.93023,29.28927,42.03429,69.28311,33.73017,49.30384,13.96084,14.03866,0.00035,16927.34251,0.0
DK,2013,2464.44545,334.4166,1002.78498,3179.84124,432.90406,216.74099,210.52173,6877.20301,26.09748,14.03849,9.94349,21.10597,25.4617,37.29549,70.71081,32.15834,49.59893,13.49096,12.36377,0.00041,16583.53993,0.0
DK,2014,2450.356,328.71877,993.85978,2345.81646,442.81265,242.17229,198.24193,6636.77817,24.31473,12.97817,9.05961,19.82266,24.67564,38.68296,67.13005,29.54601,43.17613,11.79391,11.00263,0.00024,15389.92412,0.0
DK,2015,2415.07905,333.42898,989.03448,1826.38591,435.36981,256.87477,201.64715,7073.86868,24.80866,13.6285,8.94342,21.54319,25.8024,41.68448,61.90291,31.34637,43.7314,12.35168,11.91744,0.00017,15286.70183,0.0
DK,2016,2432.44322,312.45385,1007.36178,2054.21798,449.01641,263.08779,197.41623,7244.2193,24.98139,15.92846,10.39561,19.28665,26.62151,42.41833,62.4801,27.87248,40.16004,16.67605,11.2681,0.00026,15706.3341,0.0
DK,2017,2411.08396,310.95652,1050.3258,1712.70044,433.11064,276.32856,197.11078,7490.89321,25.68642,15.96796,9.87428,20.56363,26.76097,44.71413,80.53348,27.076,38.44103,16.54745,11.51581,0.00019,15613.4188,0.0
DK,2018,2377.66755,293.62768,1010.42837,1552.89963,438.05504,283.71029,197.31359,8092.04176,24.76998,14.82495,9.82371,19.94713,27.56895,47.63796,67.70552,26.77686,37.9377,17.02961,11.43596,0.00029,15953.01948,0.0
DK,2019,2347.73081,268.46649,985.05593,1005.54848,432.57216,277.60005,187.91131,8148.33051,21.81667,13.8603,8.99139,19.47881,26.73858,47.70053,69.26396,23.93154,33.02056,14.76472,11.92277,0.00015,15301.12838,0.0
DK,2020,2388.46496,184.94765,963.68965,851.1275,429.8397,273.39048,167.08765,6729.13803,19.23476,12.73929,8.40283,18.4293,26.29086,44.26259,74.94099,23.15871,31.84936,14.11828,11.29636,0.00016,13468.23307,0.0
DK,2021,2355.59503,208.26496,977.43855,1013.70205,399.65129,272.78429,172.01654,7400.82676,21.12881,16.16401,8.22341,21.26713,29.93751,44.2718,71.57298,22.60221,30.70776,12.91939,11.75035,0.0002,14265.8129,0.0
EE,2008,1229.95141,63.49911,1921.37682,9027.51051,425.82084,164.26978,197.15346,1957.41708,28.70205,11.49427,7.91577,76.72609,38.82086,50.28122,176.98142,48.7819,20.59882,19.44847,28.91127,0.02874,16465.4841,0.00182
EE,2009,1154.43001,45.64654,1150.41149,7397.82281,442.06828,148.92478,200.99514,1724.02397,38.51014,12.45565,8.69064,84.12567,40.0503,46.42495,185.5975,41.85332,18.93187,20.4839,25.21773,0.0263,13699.82456,0.00177
EE,2010,1174.37802,50.57532,1063.69661,10893.99817,444.01541,152.00627,185.33775,1897.35528,29.73334,12.07471,9.18304,87.27852,37.26433,47.56387,123.33191,37.2059,17.36103,19.73675,25.33566,0.02613,17223.68711,0.00174
EE,2011,1222.97896,53.50558,1367.92631,10567.51832,404.92552,136.22963,179.26478,1938.07541,34.84079,13.43801,7.4438,76.89745,43.38961,47.51545,120.21335,37.68454,21.95312,28.34574,32.53968,0.04262,17297.46591,0.0
EE,2012,1383.48379,78.67589,1372.7648,9671.00889,391.2262,146.47298,194.21107,1981.36663,34.49241,14.22535,7.72215,84.01561,41.89736,52.74521,116.28867,37.1568,22.50991,28.93326,34.80708,0.04441,16667.52151,0.0
EE,2013,1459.21882,78.33316,1556.87967,10989.55757,362.18287,151.08561,199.0273,2303.997,38.20979,14.12094,6.89761,69.03506,36.86068,47.28915,103.01385,35.8608,26.05077,31.74147,35.08664,0.04481,18573.79849,0.0
EE,2014,1381.56964,60.77134,1895.41711,10191.18611,336.98211,133.7946,201.41635,2235.57251,49.90213,12.80844,7.16263,61.22335,39.83307,48.6969,101.91317,30.03656,21.94596,27.21683,27.91993,0.04523,17918.33299,0.0
EE,2015,1269.52611,55.66956,1805.33372,7882.75219,317.20394,124.65312,206.36418,2171.76844,58.95317,9.77317,4.7491,55.60184,32.4609,39.75875,122.89792,30.87257,22.93494,24.54742,11.54992,0.0,15527.01276,0.0
EE,2016,1218.06174,61.55641,1323.01783,9871.43729,316.90529,142.6545,149.768,1787.73438,13.55423,8.67572,3.78577,44.34633,25.49663,41.98333,26.05004,15.11942,9.89021,7.33984,11.2889,0.0,16401.15757,0.0
EE,2017,1266.05916,75.99091,1490.17453,10597.27369,302.52867,121.43747,159.29735,1918.03118,14.83169,9.01704,3.90776,40.96485,25.97531,41.71383,22.35206,15.5297,11.19264,8.14167,11.23942,0.0,17504.55992,0.0
EE,2018,1270.71962,71.11486,1581.97245,9725.34007,309.62682,129.88984,158.25067,1680.63615,20.76671,8.96111,4.06598,41.87577,23.28718,47.25433,19.33936,11.22794,11.23207,8.80993,13.16196,0.0,16569.46027,0.0
EE,2019,1319.00794,58.72552,1786.05444,5329.79465,313.93603,122.65346,150.44947,1324.62956,20.79981,8.74086,4.11492,37.4994,22.66249,44.30407,17.91523,10.75968,10.83331,8.45058,12.82281,0.0,11990.33462,0.0
EE,2020,1261.3923,39.79946,1291.30277,3603.93889,313.77441,119.43739,145.82971,984.29908,26.2968,8.63787,4.35364,38.16401,22.20904,41.35852,19.20277,11.12953,12.02883,8.674,11.86621,0.0,9181.14734,0.0
EE,2021,1281.34895,35.97649,1064.95045,4756.4232,286.50804,120.91552,132.18616,1097.47012,9.6766,7.29638,2.4339,35.68474,22.68522,36.04131,9.66671,9.12894,6.8628,7.36095,8.97283,0.0,10215.66749,0.0
EL,2008,1100.77507,158.63019,2290.70082,4910.92852,485.68282,65.50195,234.95275,1605.19903,16.77256,5.55417,1.84517,0.03252,16.5166,5.76368,97.55792,4.56155,11.33006,4.34632,6.3598,0.0,12904.00653,0.0
EL,2009,1030.27626,157.68278,1914.09647,4610.5312,461.83322,84.33658,249.66228,1727.92169,14.70261,5.11485,1.6765,0.03021,14.38276,5.24245,53.09423,4.03453,10.85306,3.60628,5.61275,0.0,12174.62939,0.0
EL,2010,1027.68096,132.49242,1868.0361,4394.11036,487.04206,55.35154,235.09876,1675.78202,14.34951,4.23141,1.63806,0.0298,13.65668,4.79925,51.42438,3.89369,10.74252,3.48226,5.42693,0.0,11649.07795,0.0
EL,2011,1011.40771,138.70953,1513.46307,4602.13006,458.01032,60.44207,230.9603,1501.44572,11.72819,3.89398,1.5635,0.03033,11.08677,4.86305,46.22016,3.97678,10.84156,4.46422,5.285,0.0,11353.92797,0.0
EL,2012,908.76907,146.1088,1660.81458,4663.2756,437.75162,34.4217,209.70471,1386.35615,16.68903,4.10539,2.1278,0.03687,12.31742,5.66453,43.04921,4.16248,11.26491,5.66266,5.76656,0.0,11069.41099,0.0
EL,2013,872.45243,127.86927,1850.52156,4080.31966,457.67159,42.2883,221.69513,1144.08029,17.15434,4.47568,1.65149,0.04542,10.17635,4.84405,36.41897,3.26359,9.73903,4.68371,3.70505,0.0,10045.57676,0.0
EL,2014,844.72613,119.57696,1929.65537,3763.54504,467.067,43.49532,210.28858,1209.31605,15.59163,3.95605,1.09467,0.05467,6.55923,5.10789,29.48426,2.87116,9.72957,3.42115,3.23971,0.0,9830.46476,0.0
EL,2015,839.6061,112.62162,1873.08992,3335.34181,463.95385,41.09891,223.86703,1385.57583,19.93334,3.35885,1.34947,0.06548,8.47824,4.87385,35.36811,3.48795,10.57888,4.15887,5.57545,0.0,9695.99304,0.0
EL,2016,838.25243,82.69797,1966.22998,2962.53588,475.9743,43.53346,225.53941,1531.76574,19.21968,3.81054,1.49727,0.08302,8.24131,5.42566,33.07433,3.36522,11.17739,4.58829,5.00887,0.0,9517.85147,0.0
EL,2017,837.78286,95.28974,1962.2977,3302.30471,496.86941,36.07088,229.87017,1720.50565,17.60791,3.35918,1.36149,0.10626,7.59002,4.89497,32.61386,3.14222,10.40592,4.10536,4.13434,0.0,10062.33146,0.0
EL,2018,831.45056,92.42347,1886.04914,3153.37787,509.493,40.02597,216.64055,1933.98949,18.77584,2.99079,1.24005,0.12247,7.30878,4.94492,26.80423,3.36542,10.60498,4.3672,3.70428,0.0,9964.00895,0.0
EL,2019,828.84517,69.13696,1749.38202,2606.08925,514.2243,33.46449,200.26735,2098.42113,22.04052,3.48265,1.30978,0.21636,8.60324,5.05247,27.13581,3.61914,11.286,4.52859,3.87311,0.0,9465.93137,0.0
EL,2020,878.6133,38.3184,1590.16383,1903.19782,523.98777,33.66082,201.37918,1885.57108,4.77087,3.54383,2.05911,0.33987,9.72331,1.9783,52.3698,6.06576,13.60202,4.90863,4.87136,0.0,8389.8375,0.0
EL,2021,856.00694,35.29192,1725.5743,1956.41782,567.71985,37.4308,218.04163,1931.71913,6.58034,3.95585,1.67108,0.281,9.71988,3.07686,24.43027,5.58006,12.05573,4.41623,4.65628,0.0,8659.25936,0.0
ES,2008,962.59483,115.15415,2330.42156,2028.36928,347.89064,75.97871,139.39135,1004.02814,58.71541,6.31543,5.22117,8.64491,9.99475,9.56193,106.23901,11.58733,28.11605,9.67908,51.75954,0.00385,9064.68741,0.0
ES,2009,963.9691,90.07808,1948.68952,1670.702,377.96784,65.00987,134.9267,885.80973,62.58768,6.5445,5.66118,9.31487,10.67021,10.12289,96.20348,12.13372,28.38201,10.42476,46.47507,0.00393,8129.835,0.0
ES,2010,956.40747,96.33631,1993.46052,1301.23726,350.12216,62.04054,144.59251,861.96556,75.25593,7.65053,6.62129,11.20573,12.8262,12.09687,101.62744,14.04086,30.17118,12.54398,48.15344,0.00389,7777.15132,0.0
ES,2011,958.55402,59.84117,1889.9004,1592.11688,364.4296,53.11136,146.28683,827.17208,78.38325,7.88517,6.87185,11.65859,13.30461,12.5646,98.01517,13.75166,30.18699,13.04901,46.78533,0.00383,7755.57602,0.0
ES,2012,940.67008,56.26532,1852.01438,1692.2892,361.62693,54.21716,139.34745,762.15911,70.62775,7.17753,6.18595,10.48216,11.98099,11.31606,88.33147,12.40991,26.12277,11.73904,42.61334,0.00385,7602.73014,0.0
ES,2013,944.08378,58.26036,1777.78938,1271.73013,345.2598,47.87157,129.73199,740.82813,57.77424,6.0285,5.13461,8.61478,9.91007,9.32075,86.83627,11.031,23.2105,9.67106,39.82922,0.00392,7051.53669,0.0
ES,2014,1000.78011,55.31661,1755.26681,1359.24076,325.32294,43.14842,122.35967,743.67875,47.30013,5.11969,4.2962,7.07069,8.20358,7.71537,83.66216,10.82852,21.46614,7.95123,35.84688,0.00388,7127.90781,0.0
ES,2015,995.65857,28.18808,1758.56499,1588.18405,347.03663,30.48756,78.02938,801.99111,45.42446,4.91987,4.12096,6.78312,7.89337,7.4074,87.12173,10.57687,19.96059,7.64431,35.21322,0.00367,7400.81772,0.0
ES,2016,993.84131,36.27246,1781.30845,1255.63771,337.24855,34.43005,81.03833,839.48522,46.1421,5.42496,4.36539,6.98392,8.65304,8.14719,85.85654,10.95392,21.04341,7.8558,33.03439,0.00372,7149.56061,0.0
ES,2017,1002.1292,37.71693,1776.14909,1466.75147,334.22025,34.03577,73.96547,898.72976,48.75675,5.63812,4.52048,7.29793,9.21319,8.62986,96.98146,11.25039,22.16484,8.84138,30.88167,0.00361,7423.15917,0.0
ES,2018,1000.90855,39.82601,1788.98491,1265.10731,325.54278,37.07527,69.20086,900.66377,51.30967,6.05754,4.676,6.92018,9.77473,9.04745,98.79489,11.49516,23.74683,8.44955,31.05758,0.00341,7266.18124,0.0
ES,2019,991.43366,38.00856,1728.4341,923.59796,315.40654,41.23519,68.49708,924.17658,50.5276,5.8307,4.5889,8.59826,9.45171,9.0147,91.40667,11.38274,26.67135,7.86285,29.89857,0.00324,6828.40241,0.0
ES,2020,1003.37269,32.94968,1590.6317,637.66939,306.95048,29.14274,60.90904,669.9962,39.68548,5.45763,4.25563,10.20182,9.42814,8.48029,81.12347,10.3734,26.08628,7.76411,25.48249,0.00293,5851.75436,0.0
ES,2021,999.57491,36.37561,1673.57682,647.27654,301.53026,34.22538,66.10053,780.33012,43.438,5.94989,4.6356,11.18267,10.32512,9.29411,93.50904,11.40219,27.41181,8.49974,32.62391,0.00276,6228.54429,0.0
EU27_2020,2008,1095.97554,207.632,2350.60753,2703.95302,390.84223,128.86334,224.25417,1103.2135,43.6748,22.67895,16.85916,16.87579,53.9808,52.02838,77.79305,34.17844,51.6064,21.74939,29.91438,0.24388,10581.89339,0.00397
EU27_2020,2009,1080.08312,181.5607,1956.23867,2491.84893,387.30892,119.37683,222.30419,1001.45321,44.83293,20.67492,16.87096,16.61262,52.55803,49.32443,75.14806,33.51757,51.06082,22.03628,28.10991,0.25387,9773.60208,0.00464
EU27_2020,2010,1074.86118,187.27926,2058.91243,2527.13955,383.344,117.94826,231.64236,1026.71068,44.80978,20.6745,16.49623,17.23883,52.43546,50.33622,73.14661,33.46115,56.35773,22.94945,28.303,0.2601,9988.55552,0.00523
EU27_2020,2011,1074.97041,185.39688,2011.16751,2520.82562,371.78873,121.72247,222.53777,1008.00474,40.47949,20.28418,15.09973,15.79724,49.41224,48.60495,67.73702,28.54301,52.28264,20.68409,26.40962,0.24136,9745.06852,0.0056
EU27_2020,2012,1065.90508,168.44163,1930.1269,2497.80602,365.95219,116.29512,217.81739,985.41298,39.59432,20.29747,15.00555,15.02827,49.50687,47.06192,65.85373,28.33377,53.21955,20.97881,25.98869,0.24411,9562.48214,0.00602
EU27_2020,2013,1068.20071,162.02134,1877.34694,2360.24663,353.7046,114.06121,219.13877,954.66942,37.1567,20.0605,14.89329,14.4432,49.2828,46.93238,63.61809,31.90607,60.51306,19.67988,25.84869,0.24722,9321.32291,0.00695
EU27_2020,2014,1075.44945,152.77237,1849.58834,2218.91948,339.9996,110.88503,210.97218,932.06543,32.61547,14.81996,13.41581,11.79338,35.86264,45.49099,60.09707,28.4879,56.81491,15.0087,29.42922,0.30722,8949.40333,0.0073
EU27_2020,2015,1077.02973,152.4282,1858.59532,2222.17395,335.75699,111.45277,205.76252,980.12355,34.34224,15.97783,13.88488,12.17869,37.73424,46.82418,60.98361,29.53984,57.90199,15.86394,30.24142,0.33723,9065.96351,0.00889
EU27_2020,2016,1073.06006,145.62364,1860.09141,2170.09956,333.84175,112.30198,231.18703,961.29091,34.42741,18.40632,16.79121,13.5714,36.80017,60.94263,65.40779,30.33703,61.16995,15.01459,29.05079,0.44342,9058.01242,0.00873
EU27_2020,2017,1077.59805,144.16726,1884.13509,2157.37109,334.02429,113.75067,239.48948,1033.19895,34.20219,19.38013,17.50284,14.06228,37.64729,55.27843,66.21869,29.5668,62.75871,15.27645,29.1513,0.51816,9143.81982,0.01019
EU27_2020,2018,1072.95085,145.08104,1867.37211,2017.63651,331.91209,115.15403,231.06589,1064.09759,34.66811,19.05427,17.42394,13.38051,38.23038,60.7206,63.20116,28.29476,60.83356,14.88897,28.33819,0.53628,8978.96609,0.01431
EU27_2020,2019,1060.82802,132.86175,1816.03557,1745.98674,331.61336,115.76273,230.54481,1071.6889,34.27958,18.5322,16.74466,13.19727,38.02155,58.12007,62.77858,27.60225,61.21477,14.8004,27.58371,0.54217,8619.95567,0.01988
EU27_2020,2020,1068.59404,120.60227,1704.25219,1488.25842,325.61831,108.92372,212.88051,817.70138,29.62657,16.06806,14.57869,12.46037,35.69303,53.15858,61.26046,26.43761,62.86392,13.78402,24.31762,0.44461,7782.53023,0.01984
EU27_2020,2021,1066.15822,119.18054,1791.40467,1636.45979,317.89537,120.98317,227.52298,896.31023,31.83245,17.90135,16.64296,13.97533,38.31638,57.64291,65.49211,29.25862,64.60125,14.87882,26.24807,0.5264,8213.19605,0.03706
FI,2008,1556.83271,68.19625,3579.63177,4024.63657,649.56567,240.64949,106.18869,2036.51438,42.92377,13.21917,17.19148,30.04103,6.8496,88.5542,102.30337,15.02473,32.92493,13.79943,27.88192,0.0,14179.06597,0.0
FI,2009,1525.11602,70.56207,2824.32251,4229.71182,632.89086,258.96689,103.24904,1978.71508,42.35121,11.18623,43.01816,29.09715,6.57352,65.80335,103.40157,19.2369,28.75222,13.70138,16.90221,0.0,13435.72303,0.0
FI,2010,1548.91978,88.27086,3066.1645,5228.53672,629.71067,294.88916,120.89715,2067.10945,41.56608,10.46734,46.38154,40.2454,6.55859,51.93513,119.29021,18.74485,30.96299,12.95812,17.5529,0.0,14911.18305,0.0
FI,2011,1503.60728,90.49937,3008.74082,4062.674,601.74965,258.82231,110.32621,1990.16875,40.58866,8.39937,48.88291,26.03691,6.48273,54.01051,112.72209,14.18576,28.75937,13.65315,17.1359,0.0,13306.86141,0.0
FI,2012,1498.99809,92.18328,2658.24028,3334.39191,597.79277,266.13513,113.65196,1958.27073,41.41144,8.30608,39.66814,22.46749,6.15624,51.93112,99.4348,13.26745,32.16892,19.77764,19.57932,0.0,12179.13599,0.0
FI,2013,1504.56773,76.93023,2618.24625,3568.58985,577.64454,278.47559,108.64895,1870.3313,40.54203,7.32553,42.20494,19.05235,7.28175,60.10511,100.64527,13.64343,33.3175,22.28221,18.35136,0.0,12217.23012,0.0
FI,2014,1481.96791,80.81788,2344.90731,3330.63391,544.24098,235.02219,107.64277,1673.06896,39.1321,5.74009,35.75951,16.38895,7.23499,60.08022,83.35341,12.01887,32.32255,20.37884,17.92276,0.0,11362.67917,0.0
FI,2015,1470.52389,71.18824,2288.91584,2790.59662,501.15621,194.83909,102.73601,1763.57602,44.34632,1.84291,35.90952,23.73508,11.38325,43.00268,88.7753,10.81112,29.15243,20.74856,18.21577,0.0,10719.11301,0.0
FI,2016,1480.48952,68.8838,2245.45084,3150.24468,473.45877,230.10621,99.56429,1942.17341,40.01153,2.051,25.59046,29.90996,14.36331,45.17372,109.40644,11.10957,29.74227,22.04288,19.21587,0.00481,11273.35275,0.0
FI,2017,1445.14584,80.12352,2159.15593,2820.03725,440.21667,239.56113,97.36592,1883.64687,34.34012,0.77586,17.27528,27.73288,9.36783,45.91829,107.01776,14.54678,30.75048,16.28882,16.47991,0.00708,10695.8,0.0
FI,2018,1434.97045,83.77904,2158.36802,3033.93207,428.25847,281.28711,98.58718,1886.40105,33.17427,0.78327,20.14753,8.53642,2.93495,43.69649,101.88523,14.54623,31.21395,15.14272,16.75478,0.005,10889.60838,0.0
FI,2019,1454.4397,78.06025,2079.32166,2582.90992,423.67827,288.38499,91.69949,1922.48816,28.22098,2.00676,25.14021,7.11372,1.83026,47.53522,89.59544,12.00224,32.5923,16.7742,15.48668,0.00715,10337.66775,0.0
FI,2020,1451.35324,79.61844,1936.76333,2038.31283,418.91648,253.62505,86.81808,1386.22293,26.02154,0.84006,13.98977,6.23775,2.07202,55.51131,81.33858,13.19135,28.19808,12.77546,14.59098,0.00915,8927.38571,0.0
FI,2021,1414.95808,77.93146,1956.75476,2149.74446,399.59069,261.00108,80.97148,1308.43909,24.67951,1.36016,26.23999,7.28961,2.49132,57.07693,75.86386,13.29336,30.06028,14.05442,17.23182,0.00914,8889.58616,0.0
FR,2008,1385.71347,20.2868,1990.61885,643.44741,447.6296,132.34805,248.88298,1220.93455,51.99057,17.97091,17.63653,8.30669,40.78961,160.33516,110.39154,46.88659,44.28307,37.22728,27.22172,0.39994,8838.24246,0.01581
FR,2009,1363.42909,20.09061,1673.94805,622.89102,437.76354,122.78712,265.97512,1078.18707,56.87732,19.52654,18.33355,8.43018,44.18203,150.12589,111.04258,51.88773,49.18548,42.27831,28.85425,0.46252,8342.26352,0.01803
FR,2010,1324.24912,15.022,1736.38663,646.98192,442.45193,120.84539,272.36844,1089.55933,59.45582,20.06954,18.65823,8.72499,45.03335,146.51113,111.19409,52.54455,50.02975,44.59831,28.86107,0.49266,8377.9193,0.0194
FR,2011,1314.22057,13.45586,1631.70971,563.65547,425.96982,137.70986,255.61812,1087.17243,47.59509,16.62841,16.30352,7.59787,37.06415,135.19372,101.07057,38.58796,43.30857,35.06294,24.66456,0.50497,7956.4062,0.02024
FR,2012,1295.61695,12.36756,1527.13731,625.85031,421.1812,131.27933,260.80868,1075.11689,50.25502,17.45393,17.10578,7.83079,39.61919,131.16384,101.07039,43.47224,46.53544,37.74643,25.44867,0.51026,7948.46019,0.021
FR,2013,1285.67446,10.96902,1542.95935,599.15774,381.77459,132.48776,261.28059,1017.43351,39.86289,16.71288,16.2181,7.38289,34.71815,129.57323,85.05991,64.91371,93.46315,29.59383,22.79901,0.50048,7859.09067,0.02153
FR,2014,1298.55194,7.7789,1495.76548,386.37112,368.8301,131.21903,246.34824,957.97628,35.92589,15.21372,15.24766,6.81411,32.08809,125.24133,81.33975,54.17673,88.97647,26.50393,21.8011,0.50441,7286.0502,0.02203
FR,2015,1286.60321,9.97894,1445.62629,431.49059,356.69733,130.96579,246.54586,941.93889,37.5492,16.20943,16.08643,7.12483,34.07074,129.55217,82.43451,58.76026,90.97971,27.87042,22.26725,0.51618,7297.0899,0.02264
FR,2016,1260.94939,10.29673,1431.10955,486.39019,356.84202,131.61842,241.00031,912.69136,37.37161,16.47727,16.37437,7.11623,34.99681,127.39929,71.87942,58.67319,87.6292,28.15313,21.87704,0.51683,7283.65521,0.02333
FR,2017,1253.23506,10.20499,1414.41355,548.18671,359.2569,132.31695,244.11323,990.11709,38.29141,17.30897,16.67931,7.37207,36.15715,124.87687,73.39808,60.95475,93.82597,29.8727,22.22774,0.52206,7374.89752,0.02362
FR,2018,1234.94868,10.51783,1401.77008,416.11303,356.02118,132.13023,239.34482,994.71667,37.58041,17.14892,16.78015,7.48844,36.19239,126.54623,75.72936,57.22571,93.49898,28.95409,20.85218,0.51175,7102.73894,0.02347
FR,2019,1201.49918,9.04341,1347.10563,394.61245,373.30235,132.16235,214.6525,979.23484,37.5324,17.45672,16.48381,7.71146,38.46293,123.8268,80.09231,53.81505,93.12426,28.67235,18.71044,0.48066,6928.05983,0.02257
FR,2020,1188.96546,8.72539,1192.81274,353.824,369.6628,116.11464,174.50313,780.9036,32.58952,15.13879,13.75477,6.43887,32.91731,111.08701,73.70284,47.29393,86.88386,25.30617,17.50197,0.4518,6200.10677,0.02157
FR,2021,1162.11489,10.95527,1264.95609,391.16643,346.94162,128.1798,182.37793,858.5368,35.44863,17.06638,15.6386,7.17138,34.87841,121.26109,85.80972,55.19315,90.09589,28.3373,18.33357,0.42706,6536.73925,0.03398
HR,2008,1029.41583,258.537,1767.63328,1473.5739,420.33014,98.34237,107.05121,348.57349,12.14075,20.92412,15.33533,32.90468,37.04948,25.97975,15.87176,19.1696,23.82402,8.25718,20.71114,7.80742,7249.22478,0.1645
HR,2009,918.9031,273.48594,1537.92556,1257.3732,436.31165,90.38914,107.3899,348.69356,12.36497,21.26572,15.49128,33.08863,37.55852,26.15397,16.34223,19.6724,24.67203,8.81152,20.95796,7.56358,6742.50696,0.19854
HR,2010,932.87012,284.46483,1519.85725,1167.30751,451.96951,87.25362,108.55125,364.56187,13.28271,22.11705,16.45382,35.03571,39.04633,27.02293,16.6578,20.99357,26.43824,9.64218,21.76,7.48343,6673.40952,0.2372
HR,2011,945.40016,246.87665,1525.15931,1197.27278,464.06277,83.6416,104.65843,343.66514,12.52949,21.39243,15.44622,32.78138,37.66249,25.75112,16.67234,20.18812,25.82674,9.74913,21.0078,7.43192,6611.6647,0.26682
HR,2012,908.40264,201.6101,1431.09737,1070.47753,466.80133,76.26132,97.50444,295.05511,11.64315,20.14159,13.93432,29.44277,35.30519,23.47868,16.37062,18.70261,24.61149,9.63419,19.57172,6.97571,6205.14133,0.29907
HR,2013,848.36683,198.21131,1281.22105,1021.0402,466.78385,75.81288,100.73809,349.10711,11.64463,20.13055,13.52066,28.25444,35.05539,24.18217,17.60909,19.22389,25.15654,10.30484,19.74234,6.74209,5932.13829,0.32797
HR,2014,835.59976,182.58592,1336.17958,889.51613,482.82355,66.37886,95.57047,335.48348,11.14942,19.52543,12.8448,26.51142,33.78125,22.80224,17.49154,18.73673,24.9366,10.55781,18.79505,6.8085,5783.63557,0.36692
HR,2015,854.945,154.10647,1301.44293,901.586,501.58367,68.72179,104.52308,350.62555,12.91454,22.27893,15.49295,32.02094,38.65845,25.73464,18.79987,21.73185,28.68806,11.91482,21.25299,7.11965,5940.56396,0.41027
HR,2016,854.98062,143.84193,1212.19622,981.29785,519.0466,69.29311,109.08748,360.14087,13.54528,23.73881,16.36458,33.66875,41.11158,26.89619,20.02632,23.22266,30.99702,13.13435,22.5089,7.21505,6047.12333,0.47591
HR,2017,891.84751,165.91398,1348.05591,891.89981,534.10033,85.6123,125.16785,422.86616,14.96474,26.41775,17.45949,36.12536,45.82979,30.39622,22.96683,25.66672,34.54218,14.94877,25.68862,7.39841,6326.6821,0.54814
HR,2018,876.83255,154.16735,1326.69009,759.96213,537.31279,84.23057,123.40491,380.54099,15.13058,26.90059,17.72154,36.53208,46.61238,30.16694,23.17423,26.29577,35.87717,15.83557,26.00688,7.68281,6083.33141,0.61274
HR,2019,883.64433,162.09956,1268.75001,836.68488,539.47212,91.48696,129.24231,400.48485,15.5131,27.89347,17.78986,36.62586,48.27055,31.23377,24.65841,27.19148,37.47183,16.88512,27.1703,7.82792,6162.10119,0.66988
HR,2020,890.91926,148.62275,1215.76408,841.45211,550.58384,84.05018,118.34948,325.63284,14.82375,26.76111,16.82585,34.58208,46.29296,28.72445,23.38429,26.10859,36.88765,17.04131,25.95558,7.75471,5949.44081,0.72287
HR,2021,918.80458,158.2523,1221.84551,865.7264,536.51515,97.03335,132.94936,350.19918,16.84962,30.44112,19.4002,40.18091,52.87189,32.40963,25.74286,29.40706,41.60612,18.96311,29.59615,8.34057,6246.02323,0.80107
HU,2008,793.5065,126.44574,1181.24941,2045.13296,470.21538,84.34109,193.59087,764.98208,18.90088,43.09391,27.62496,46.293,36.89744,47.28738,73.39975,31.06972,32.47689,7.32265,14.09149,0.0011,7702.27778,0.0
HU,2009,745.0136,108.52477,969.26451,1737.84465,475.24121,74.51601,196.51738,718.54562,20.84414,45.18382,32.6824,52.47992,38.59038,50.57989,78.02538,31.6608,32.5786,7.01209,14.01335,0.0009,7110.06096,0.0
HU,2010,753.70786,107.93896,1000.61734,1802.721,474.33225,75.32808,202.12284,686.68604,20.84883,45.16013,34.54088,62.46318,42.93282,49.4558,80.76569,32.61911,33.17334,8.26911,14.18925,0.00148,7185.27749,0.0
HU,2011,782.67882,108.27541,1026.62095,1723.74069,458.39297,68.52743,210.80295,752.0197,20.30652,45.42774,34.95146,62.99768,42.94551,50.17775,80.36389,31.43745,33.32067,8.15712,14.20317,0.00155,7116.56602,0.0
HU,2012,765.5116,99.02896,941.5921,1684.3956,462.51717,62.3477,195.97531,552.17555,17.32843,37.91634,27.67963,50.87967,35.72684,43.58013,67.11322,25.86265,30.0935,6.58698,12.54791,0.00168,6634.04367,0.0
HU,2013,846.84971,94.14466,942.71406,1429.39289,442.74925,82.27513,207.63917,569.10771,17.03192,39.01712,26.17898,52.30711,37.96628,48.08564,72.72778,24.83615,31.99719,7.29175,13.31852,0.00173,6416.32802,0.0
HU,2014,894.15016,91.38804,1013.34544,1353.27788,434.76526,92.35046,223.65639,615.01907,19.11777,36.72943,23.65185,46.93842,35.30216,53.60175,68.72315,24.89799,33.13959,7.09787,12.23148,0.00176,6513.40147,0.0
HU,2015,927.98498,90.50279,1095.27883,1391.77818,424.35635,102.1659,254.27362,625.42413,20.77413,38.12621,23.61019,50.51723,39.64482,63.90043,80.28957,27.39118,33.68044,8.00199,12.13235,0.00275,6887.8081,0.0
HU,2016,967.20091,93.18255,1093.45881,1370.93948,410.83379,105.09414,240.88511,615.3735,19.40648,35.58494,21.70523,50.95852,39.13928,67.88853,78.35655,27.25404,34.4187,7.95648,10.54367,0.00275,6918.16338,0.0
HU,2017,957.95596,95.1357,1218.69135,1399.29898,414.29434,107.32361,241.33,682.6395,20.11396,33.42227,21.36221,48.73109,38.26532,76.70415,81.03068,24.68603,30.69789,8.34624,9.94979,0.00244,7197.40861,0.0
HU,2018,973.2379,100.20481,1256.66179,1310.89418,410.83476,124.90216,251.06677,728.68202,21.07379,31.92037,20.17218,49.03838,38.58872,87.9127,84.23598,23.23185,34.67425,8.18975,9.47408,0.00423,7218.29335,0.0
HU,2019,976.74273,100.37641,1229.75423,1264.23389,412.09592,122.19161,241.09637,671.50767,20.42469,29.64148,20.26121,49.60964,37.59183,89.94565,84.85311,21.66786,32.68532,8.13241,9.17984,0.00303,7108.58864,0.0
HU,2020,994.9458,91.91012,1195.35469,1242.29392,407.4408,119.97831,221.07028,484.30726,13.97604,28.72325,20.44729,50.19532,36.69208,75.99735,84.43477,21.82325,38.68714,7.18475,7.47458,0.00319,6755.19502,0.0
HU,2021,1000.752,89.01631,1197.55838,1167.43809,408.22706,130.37649,239.36072,568.78207,17.37356,31.30094,21.36804,53.10038,39.22126,87.93303,93.42883,21.63363,39.79402,8.24732,7.96819,0.00279,6994.52694,0.0
IE,2008,4685.15432,23.50809,1697.88171,3248.35724,207.60974,34.7403,222.18634,1002.20989,74.46166,26.98888,7.32104,7.85905,37.18162,48.74035,116.24498,27.07121,84.23281,32.75571,15.13406,0.0,15626.06254,0.0
IE,2009,4472.61589,21.02226,1459.12154,2798.32935,191.59718,30.10479,194.85362,865.24387,64.14989,23.76704,6.30748,6.7734,32.0114,42.07664,100.20341,23.32059,75.7549,28.22108,13.03574,0.0,13937.8105,0.0
IE,2010,4450.32693,19.62573,1366.45853,2844.60847,153.44572,48.85105,211.01318,2571.30714,56.54369,18.55397,9.75508,5.64359,30.51679,28.40979,96.38977,27.3072,68.33957,26.04255,10.48872,0.0,15501.19538,0.0
IE,2011,4287.21834,18.56905,1239.33807,2534.32507,167.77637,15.99446,151.25866,2748.97927,54.76507,17.82284,12.44188,4.32252,30.55219,15.34388,84.09217,24.31234,66.32635,18.6607,17.65322,0.0,14711.03079,0.0
IE,2012,4456.57244,17.74386,1309.77067,2682.8806,161.2038,36.17244,136.73751,2734.57638,54.68417,21.64127,11.61418,4.24663,36.63043,18.19303,82.32984,25.15448,67.27692,19.94478,14.93305,0.0,14946.31899,0.0
IE,2013,4587.29077,19.44294,1339.76689,2364.57463,206.68802,57.77207,171.70318,2741.30685,57.33987,25.27937,8.75599,5.90674,44.47514,28.8264,79.31009,48.44495,66.52956,21.76137,21.38666,0.0,14906.54906,0.0
IE,2014,4442.46579,19.07098,1464.24659,2313.06973,268.94101,64.73879,179.14007,2804.38588,53.89002,23.45643,5.61735,6.28493,40.9259,26.81226,75.7505,43.87149,63.51375,19.98455,20.23035,0.0,14766.79354,0.0
IE,2015,4516.13177,17.86648,1509.71269,2405.81167,303.4408,61.29844,194.63839,2932.37133,58.17946,31.47883,7.15372,8.89919,43.67297,31.75401,73.47393,46.49711,66.48701,20.77563,20.53709,0.0,15234.56737,0.0
IE,2016,4583.25539,18.4711,1522.97423,2537.92672,304.49892,64.92569,204.12202,3492.71351,50.7369,27.94435,7.02374,10.68066,45.42119,39.12953,78.85825,47.70057,69.92609,25.66627,29.44371,0.0,16102.93529,0.0
IE,2017,4693.69467,18.13233,1545.25276,2309.15825,351.23164,75.29316,195.30271,3963.03491,48.09372,25.64457,8.39376,5.55722,44.66188,37.72,81.18674,46.99822,74.83838,21.18033,31.20332,0.0,16369.65116,0.0
IE,2018,4816.2299,19.47816,1570.8965,1970.51038,395.54588,80.39075,200.23805,4173.17554,43.51984,24.56269,9.35523,8.63873,47.09261,31.51664,87.28144,51.50719,72.59085,27.56039,34.07726,0.0,16477.60171,0.0
IE,2019,4566.24527,19.58695,1507.50841,1706.30051,398.94129,103.01456,193.17798,4167.09976,46.61167,30.56882,10.68835,5.00645,42.26295,36.7765,100.74711,47.91257,70.99192,23.63601,27.05876,0.0,15819.37036,0.0
IE,2020,4584.75604,11.01208,1451.75918,1554.72238,398.21677,101.31395,205.93551,1704.10887,45.73062,33.29145,15.6808,4.64672,56.99126,30.2104,109.9168,48.51513,72.88434,22.82743,19.12055,0.0,12986.38034,0.0
IE,2021,4704.40823,12.72064,1525.6064,1850.08637,371.58994,132.14228,199.13607,1708.11061,41.53086,32.91725,12.62356,5.33192,40.8984,26.038,102.0053,50.75458,76.15984,21.71625,21.28617,0.0,13441.08859,0.0
IS,2008,4011.1372,2.79188,6819.16993,626.74439,1130.37143,870.94182,215.40388,3352.04533,8.35112,10.70629,534.28524,10.57627,17.19263,50.23359,18.77766,2.15323,7.25518,11.10914,4.64564,0.0,18937.31354,0.79972
IS,2009,4247.8187,3.16282,6093.87406,568.18529,1088.91525,648.8324,179.79961,2672.6139,9.03811,10.36145,523.72149,12.08451,17.03542,53.47016,20.13248,2.51114,7.52131,15.76604,5.11216,0.0,17490.92406,0.69803
IS,2010,4077.37452,3.84879,6077.44076,638.75928,1095.32878,526.13845,151.06254,2981.91859,9.34853,9.76257,488.64618,11.11314,15.95229,49.6535,19.64125,3.13668,7.40692,11.59614,5.29049,0.0,17510.42098,0.82734
IS,2011,4000.26052,3.68542,5709.68256,597.86386,1037.81105,457.50465,142.20717,3043.56079,8.96572,9.16892,426.64788,11.52637,14.30315,45.44608,18.62963,2.62155,7.69904,11.67811,4.90532,0.0,16893.32605,0.708
IS,2012,3920.25342,4.85905,5896.06755,578.73208,976.43576,457.86365,152.6775,3390.93213,10.25464,9.22676,357.36649,11.38577,15.02047,45.67519,19.89655,2.89089,7.77383,12.84537,4.72666,0.0,17215.92769,0.62223
IS,2013,3863.73533,3.97595,5884.11698,574.62577,1016.27445,438.76059,151.96744,4285.68202,10.76368,10.26211,317.49367,10.75357,14.433,47.62378,19.16512,2.80251,7.2351,13.42418,4.76786,0.0,18009.59771,0.5175
IS,2014,3835.87194,4.29724,5644.78847,599.29364,953.4318,491.46283,156.15803,4351.44129,11.6424,9.56723,267.3631,12.79156,14.31653,50.66926,18.38224,2.76617,7.12471,19.51645,4.55434,0.0,17804.21524,0.69449
IS,2015,3804.69319,4.05586,5844.04605,529.4686,920.57362,500.77352,164.96346,5834.97191,12.70911,8.80605,224.03344,13.08309,14.29781,54.276,20.02518,2.53107,7.3753,9.47794,5.03815,0.0,19363.83381,0.61183
IS,2016,3687.5175,5.25507,5676.48799,470.45365,881.78511,568.89717,194.02219,7159.90494,13.75684,8.81557,187.94156,17.24045,15.48401,68.08851,20.61043,2.933,7.06928,6.9648,5.36596,0.0,20462.42249,0.58851
IS,2017,3487.46548,6.3992,5708.4557,455.43535,860.22884,603.37172,206.54776,8153.42795,15.09353,9.03035,158.30468,19.23348,15.66077,77.35321,19.41196,2.52732,6.42434,6.26025,4.83079,0.0,21297.93621,0.61178
IS,2018,3419.95124,7.00135,5652.63674,474.69356,897.71241,523.50648,206.08599,12274.91722,15.13773,9.58575,131.32651,20.00827,16.08897,83.10762,33.0355,3.10975,6.60985,7.35808,4.89785,0.0,25247.98555,0.50738
IS,2019,3323.14953,8.28745,5759.83255,492.66247,775.27468,561.38637,215.19793,7871.56299,15.39722,8.68207,105.36366,18.53251,14.17538,85.33459,22.67807,2.70618,5.92094,11.75268,4.8741,0.0,20709.26717,0.56461
IS,2020,3266.12404,9.34115,5596.66308,513.1812,847.27679,360.34283,192.27889,2837.40708,12.99193,6.83533,91.58781,15.79038,12.51847,76.52143,18.90055,2.67447,6.08407,9.74763,3.90701,0.0,15122.12446,0.4543
IS,2021,3223.23094,12.09898,5706.77235,503.42163,824.40594,304.18987,180.75039,2660.7524,13.17248,7.32524,79.67748,16.17541,14.47448,77.15714,19.11051,3.38868,5.80228,7.62934,3.94541,0.0,14962.36786,0.4318
IT,2008,743.16467,59.46061,2553.32669,2362.62027,499.3106,107.24849,283.35275,878.11631,65.53233,8.14968,11.42474,11.59179,40.33278,25.81005,35.58324,18.20997,62.60762,13.48509,16.52419,0.0,9994.05839,0.0
IT,2009,730.32117,50.07204,2044.58175,2004.54452,484.77806,100.89374,286.16059,741.4852,66.53274,7.97019,11.50838,11.62414,30.31878,24.46573,37.01869,18.58692,60.7373,13.53784,16.77987,0.0,8908.40021,0.0
IT,2010,705.06427,49.14987,2147.15269,2047.84727,517.32936,98.48346,286.85811,782.2726,62.4576,7.32408,10.63431,10.91922,27.69818,22.91468,35.5692,20.57063,68.01956,12.88004,15.51104,0.0,9117.01724,0.0
IT,2011,710.83287,78.28565,2089.90635,1998.33982,471.40712,108.3739,284.20955,746.35121,52.76996,6.49335,9.43977,9.5735,27.30923,21.44393,31.97586,19.90621,64.63104,11.61334,13.62717,0.0,8865.57097,0.0
IT,2012,709.60046,74.13878,1928.93532,1939.61023,475.2655,101.251,282.51828,717.37728,49.33555,6.1385,9.07424,9.02784,25.9891,20.31582,28.9548,19.10311,67.45704,10.68668,13.11251,0.0,8522.1903,0.0
IT,2013,688.5041,78.52485,1641.40696,1665.56916,447.13743,97.16266,284.94604,700.94664,49.16497,5.87215,8.86196,9.13194,24.07393,19.60783,33.45983,18.42949,63.39158,10.88058,12.71232,0.0,7828.14463,0.0
IT,2014,679.48805,59.88355,1525.14606,1521.197,443.05596,99.9833,285.27231,674.91162,40.41029,5.23204,7.65092,7.9207,20.91012,18.48862,32.67706,18.39513,61.92718,9.95561,11.45157,0.0,7383.78767,0.0
IT,2015,682.36895,60.01472,1577.5031,1585.29344,446.39843,99.45892,270.28541,639.43248,46.46794,5.46024,9.72374,8.29869,21.76313,19.01872,29.33363,16.45183,54.80256,10.16745,12.43054,0.0,7552.80238,0.0
IT,2016,699.43558,50.32174,1541.39081,1578.90863,445.15169,96.97288,271.58358,638.15028,44.74856,5.4,9.72613,8.05733,21.25977,18.85126,33.52886,18.08464,64.58641,10.87663,12.11245,0.0,7514.9751,0.0
IT,2017,692.55698,51.20515,1511.40118,1591.09596,443.21029,94.75866,269.535,694.68123,45.26134,5.44239,10.04596,8.03868,20.87368,18.8292,28.62442,16.87282,63.12777,11.05941,12.12991,0.0,7491.70478,0.0
IT,2018,697.55515,56.04967,1535.24965,1448.96642,450.5502,97.33801,273.99129,703.48225,50.23886,5.89728,10.45482,8.67876,22.6881,20.35336,28.15098,15.7158,63.02847,11.77733,13.37343,0.0,7420.04848,0.0
IT,2019,696.8884,52.75152,1474.55807,1390.57145,452.54743,100.18579,269.60204,747.94521,48.34091,5.86767,10.99106,8.4906,22.86131,20.6409,30.67263,16.78336,67.22918,11.83259,13.24159,0.0,7347.90065,0.0
IT,2020,718.37411,50.88213,1326.09397,1250.01958,462.40513,81.12002,237.44745,580.94451,41.43784,5.16504,9.19185,6.63653,21.01608,17.69726,37.11544,16.29481,74.54039,9.65877,10.7697,0.0,6628.59702,0.0
IT,2021,716.7359,55.55949,1497.19799,1313.05779,462.52065,134.53805,259.79583,683.83395,47.9968,6.12053,11.5953,8.28557,23.39545,22.71568,27.95715,17.16827,66.60847,10.8199,13.37782,0.0,7243.09307,0.0
LT,2008,1410.20813,5.70508,2627.28342,1012.27698,493.17617,38.55616,50.24123,1169.08416,4.71128,3.52199,2.80119,3.90884,7.27275,7.14982,17.68725,17.84478,12.89537,2.74583,4.12827,0.43007,8438.62527,0.0
LT,2009,1438.49644,4.67881,1626.17238,1058.41549,489.60468,25.86259,47.42396,872.58452,5.1813,3.67758,3.64051,4.36945,7.16742,6.88335,19.26406,19.76894,16.03433,3.4387,4.67956,0.20512,6965.36165,0.0
LT,2010,1440.21207,4.81366,1647.4334,1300.03152,490.61771,26.74335,47.68331,934.88381,5.52653,3.91185,3.69784,4.54293,8.06785,7.92991,22.51997,22.21393,15.89596,3.53098,4.79561,0.24511,7415.28312,0.0
LT,2011,1490.02717,4.98517,2164.41469,1029.88011,474.1493,25.51962,56.06233,1002.8887,6.13108,4.86561,3.65728,5.11761,10.54215,8.59998,22.45064,24.00787,17.34002,3.63489,5.57157,0.38455,7779.95998,0.0
LT,2012,1534.83214,4.62562,2149.32685,1090.21599,465.71146,25.46731,56.92695,963.05044,5.31158,4.50421,3.20059,4.71056,8.37261,6.55092,18.30982,19.78911,14.19754,3.44349,4.5287,0.41533,7835.14306,0.0
LT,2013,1548.91665,4.21988,1972.45009,901.40339,458.9496,27.86965,73.89795,968.42704,5.39372,4.10216,3.02443,6.75353,9.20459,8.64234,22.54176,19.89824,15.2798,4.38511,4.91793,0.33675,7512.76639,0.0
LT,2014,1651.70108,6.91368,2121.28518,762.56676,422.78992,73.59957,114.84423,1050.71101,5.67899,4.72187,3.29356,14.37712,25.30141,10.89746,33.10017,37.85633,17.70486,6.81564,5.85346,0.29744,7637.10274,0.0
LT,2015,1689.57865,6.90375,2242.78367,737.79688,403.87286,82.32641,143.40464,1205.0298,4.99962,4.591,4.56255,21.59784,12.67595,21.295,46.24763,16.68233,15.75373,5.84377,4.93063,0.13052,7936.09352,0.0
LT,2016,1740.36377,6.64627,2022.76308,661.64198,400.90135,62.45961,188.74126,1347.99792,6.37054,10.95725,7.97446,31.45611,15.72982,28.48293,49.83512,19.16109,19.07208,8.15117,7.61549,0.17544,8138.05501,0.0
LT,2017,1780.17223,7.03181,2040.41914,562.05046,414.38025,64.96743,187.87297,1691.95385,6.6881,11.83237,9.96458,34.12166,16.64302,31.08245,53.24051,20.20142,20.54884,8.71974,8.23516,0.20933,8536.65995,0.0
LT,2018,1749.25123,7.78408,1950.92828,546.68497,378.44358,64.71917,156.51885,2188.02805,7.98326,15.4222,9.683,17.64317,20.63274,39.50231,58.91523,22.24155,23.70393,9.80674,10.03897,0.25274,8916.43745,0.0
LT,2019,1760.52057,8.68945,2037.48871,484.49493,374.7979,65.12932,140.4956,2331.7455,7.81492,18.33894,11.38826,17.22779,19.34372,41.01852,52.24063,17.88433,22.01429,9.94526,9.3709,0.11397,9119.45026,0.0
LT,2020,1776.85642,7.21489,1979.77721,603.48125,361.30919,64.54247,106.46653,3003.04688,5.56408,12.55388,11.94258,8.38433,13.3712,27.54352,35.83573,14.52043,14.35113,6.00092,6.10937,0.09499,9677.6036,0.0
LT,2021,1676.98935,4.33839,1824.8331,651.53084,340.20984,33.67596,72.20796,2703.83679,13.36801,7.27438,10.52118,1.5208,9.31888,12.482,14.89295,1.44596,3.45868,6.75596,3.27701,7.32896,9054.6556,0.0
LU,2008,1452.78608,10.08593,3606.5971,2450.16187,287.92272,359.10406,388.97554,7456.32136,44.44528,92.64112,508.65194,11.72659,38.92497,45.37037,45.94353,46.43938,74.78191,30.46636,10.87682,0.0,20724.27204,0.0
LU,2009,1441.96412,8.68449,3172.89073,2698.1279,277.25694,321.74763,372.46069,7583.46032,43.29767,109.58529,365.2508,12.3161,36.03735,43.68717,41.45756,50.6198,77.84304,25.65955,10.65441,0.0,20226.73314,0.0
LU,2010,1434.91412,8.92794,3306.06296,2743.69951,252.32917,349.00573,497.6702,6972.24417,48.82373,153.56689,389.3684,16.46431,41.0809,63.75898,63.74102,71.11944,89.54173,46.82788,16.7147,0.0,20086.76924,0.0
LU,2011,1348.59539,5.83505,3114.8971,2282.53159,240.22113,330.22994,409.51583,6401.73069,43.43274,129.01033,231.59423,28.49169,45.83818,70.91719,49.93134,41.47805,72.00906,32.98669,17.64233,0.0,18088.70136,0.0
LU,2012,1298.95434,8.7164,2877.27989,2262.35493,220.06036,283.62282,417.36344,6013.94628,58.19765,80.29038,333.99651,48.28212,62.19753,70.0091,56.69146,67.94118,83.52366,41.49383,16.91696,0.0,17430.1811,0.0
LU,2013,1302.3516,10.54915,2675.20133,1521.85549,217.67197,261.49809,501.53516,6266.05103,59.99088,80.13705,304.40156,55.50785,74.13733,69.94957,69.09719,73.43241,89.91322,23.69852,19.50645,0.0,16735.29475,0.0
LU,2014,1296.46027,11.58194,2680.2417,1407.57173,228.39288,278.29231,343.0174,6783.72956,41.22304,65.66044,203.54369,46.80769,61.62006,103.0449,49.20414,54.19419,78.90948,36.10407,15.32742,0.0,16599.12184,0.0
LU,2015,1281.92053,15.94099,2562.64665,971.10027,204.44632,313.55591,429.25102,8326.75246,54.14828,77.4225,231.6122,50.65227,76.20932,91.8524,50.36428,80.67155,97.38285,33.15528,21.4952,0.0,17970.83889,0.0
LU,2016,1308.67122,13.00958,2554.49642,573.95733,195.04363,283.15762,371.74948,8154.82597,59.4083,71.64407,276.07574,49.06367,69.01602,93.75007,60.00698,103.49253,111.73675,33.8306,27.11887,0.0,17484.58998,0.0
LU,2017,1272.28995,10.17019,2485.42467,555.63441,188.92921,275.38686,358.64798,7984.3422,61.03424,65.74944,315.55325,51.46453,80.96459,70.69449,78.95499,28.66215,98.16496,39.45033,18.79589,0.0,17087.5563,0.0
LU,2018,1247.57282,10.6479,2463.81396,508.09507,181.38124,263.28974,317.434,7999.81604,63.68428,61.17854,345.03784,48.32598,157.23097,67.1774,74.14771,28.6131,100.32629,43.34772,16.55738,0.0,16822.49219,0.0
LU,2019,1205.22535,11.09039,2468.9755,500.24468,178.47871,269.18892,364.53409,8645.42603,64.87368,75.42723,396.28021,54.52561,84.77642,103.41661,85.6976,30.0083,119.77836,45.74366,18.84016,0.0,17263.90049,0.0
LU,2020,1220.63689,9.81011,2182.1894,473.97064,162.25046,291.37145,270.69298,7694.82413,25.40316,63.23576,216.86862,24.42597,122.14742,109.43507,33.55326,52.80312,72.70094,21.05681,13.90391,0.0,15690.33142,0.0
LU,2021,1195.86569,11.03592,2054.10552,474.31976,161.74499,217.07532,277.47631,7479.65123,34.65324,27.30226,444.39786,23.5973,78.45837,51.50222,80.2965,29.03764,100.48418,23.75128,11.64516,0.0,15435.42563,0.0
LV,2008,1065.70097,20.86815,710.2354,948.61153,307.11397,183.04545,281.50043,1481.8929,16.94253,12.48897,6.69436,36.18195,33.4318,39.97573,72.50776,27.48558,29.55661,21.04136,7.90968,0.0,6173.79406,0.0
LV,2009,1087.95754,15.28528,595.29803,937.32613,321.47478,122.82445,173.82622,1227.62961,8.78674,9.93195,4.92692,54.80249,18.32633,31.02931,58.47862,22.44466,24.59991,11.76003,4.75531,0.0,5735.65004,0.0
LV,2010,1156.59097,16.23139,841.19739,1138.25508,323.34479,121.14405,178.21788,1387.31352,10.96279,13.33967,5.31521,63.72132,19.81595,27.10382,70.68147,20.93235,37.34779,8.39138,4.60873,0.0,6474.18868,0.0
LV,2011,1197.19787,20.24802,770.79894,1055.07975,321.07505,128.89601,138.21376,1275.58081,8.13598,8.58487,3.10665,58.57569,13.69283,39.11467,64.3759,13.21115,27.18077,5.30204,29.61093,0.0,6136.18867,0.0
LV,2012,1221.99853,19.02662,812.51457,975.22711,293.78389,134.16395,147.13129,1263.05071,6.37326,6.74063,3.45133,48.60328,18.70747,36.17223,58.59068,12.07108,24.0892,5.62881,29.15707,0.0,6065.80612,0.0
LV,2013,1265.70873,28.71927,712.59696,1032.42591,290.53553,116.48976,146.8244,1220.37749,9.17643,7.65446,3.32389,59.24709,16.64866,34.89713,51.95656,11.44265,26.3522,6.62845,4.80397,0.0,6047.65418,0.0
LV,2014,1312.35209,23.063,705.0597,931.28265,292.45994,113.98105,128.79397,1330.64903,10.26593,4.4123,2.86239,59.43713,13.02626,30.74359,54.41907,10.47103,27.10412,4.33976,4.34197,0.0,6170.54986,0.00093
LV,2015,1350.85198,21.49415,640.36001,964.65485,270.48494,128.2544,158.32446,1474.46801,11.97708,6.13731,3.38393,61.83373,15.81707,33.2013,55.4594,9.35352,25.7913,5.48544,5.22112,0.0,6320.96254,0.00095
LV,2016,1395.5331,25.87781,563.16998,1022.75258,280.98013,115.04225,154.64862,1428.24731,9.5256,6.50942,3.68578,68.27091,19.62975,30.17887,59.04756,10.68464,26.08159,5.30869,6.13223,0.0,6348.84841,0.00089
LV,2017,1436.24398,20.07968,640.97551,896.04543,270.49127,116.46659,173.7288,1557.74059,10.00205,5.47293,3.15622,64.77353,23.17874,25.61923,57.79751,8.81509,25.57488,5.38403,6.74375,0.0,6544.95268,0.00084
LV,2018,1404.58199,26.86118,757.37994,1062.07925,270.57235,118.64138,141.16499,1597.56635,7.65289,5.44849,6.44579,81.53577,18.5331,27.37578,65.93223,10.06372,22.40703,5.86864,6.43454,0.0,6864.82404,0.00076
LV,2019,1492.65194,24.56924,728.53874,1027.2665,274.1741,122.18108,135.28226,1617.06741,8.25294,7.45511,3.94303,54.89067,18.91195,31.90848,72.22018,13.84446,35.9971,7.81551,5.64219,0.0,6870.32616,0.0
LV,2020,1535.33553,30.37645,692.58413,792.73545,280.09997,110.18216,169.58894,1102.1729,7.43885,5.14671,3.04674,52.33902,12.70308,26.61389,55.81703,10.5555,41.98502,6.60327,5.71437,0.0,6147.4399,0.0
LV,2021,1542.73464,24.99038,688.9474,810.40726,281.37105,130.24201,168.53464,1200.26771,9.31646,5.35212,2.4949,111.74935,12.53441,28.4413,57.10648,8.50782,38.70219,4.80209,4.86782,0.0,6356.72332,0.0
MT,2008,258.87888,12.51403,161.46938,4877.20867,322.53172,99.12748,187.33613,937.31921,80.74093,11.60868,0.84781,17.87505,61.9311,50.47723,26.90088,5.71808,53.78757,5.26654,32.43363,0.0,7871.55287,0.0
MT,2009,247.43543,9.05791,127.43647,4544.82942,360.14699,93.01539,184.96944,893.33059,74.99986,10.92118,0.86578,16.04155,65.19314,57.23046,25.87581,5.34007,47.71388,4.47875,28.43674,0.0,7461.89694,0.0
MT,2010,254.32187,11.19554,152.58233,4517.31846,332.72441,94.38095,201.33789,997.68565,96.72621,11.85483,0.96462,19.72933,70.73715,62.84698,27.55477,5.86332,60.65482,6.10905,35.98657,0.0,7651.70683,0.0
MT,2011,237.47906,7.96266,121.07234,4614.98385,319.09085,101.03424,201.00481,1006.47415,77.24061,11.42264,1.02157,16.13566,74.69686,69.24657,28.69858,5.53931,46.91822,4.24429,27.34946,0.0,7644.20028,0.0
MT,2012,252.95434,10.29361,152.14579,4831.21396,323.32146,92.38239,218.54439,969.7813,114.02451,11.74681,1.17387,21.03956,84.96586,84.37988,27.54843,5.80785,69.78701,6.70082,37.49412,0.0,7989.72509,0.0
MT,2013,241.47354,15.24608,207.04873,3880.53528,326.04109,94.61822,222.9624,985.28655,115.74574,11.85104,1.22402,21.18629,87.82628,88.2234,28.42646,5.8491,68.87763,6.70819,37.95558,0.0,7137.98254,0.0
MT,2014,238.69855,16.34132,219.38228,3701.77261,360.49941,95.78015,226.50079,1012.65424,134.65022,12.92973,1.4444,22.40503,88.75044,91.19472,31.56605,6.19669,71.91215,6.31363,35.49598,0.0,7047.56303,0.0
MT,2015,232.87447,14.70509,223.46589,1923.7561,385.05088,98.35325,226.46216,999.29039,155.74625,13.3588,1.39303,22.15309,88.22449,92.34763,32.12831,5.99461,79.87743,5.04779,33.68839,0.0,5343.93134,0.0
MT,2016,234.37802,13.48335,208.26522,1233.429,403.66285,100.41824,217.94104,936.78178,160.55671,12.67173,1.61385,12.51921,89.11569,94.27762,30.75836,6.33184,90.16764,1.76235,25.88596,0.0,4551.00979,0.0
MT,2017,228.39111,12.9792,191.48243,1542.69076,386.14041,101.98292,210.68467,963.89001,150.8119,12.80392,1.98653,12.16972,85.66061,92.40443,27.74536,6.86451,75.89032,1.53666,25.05164,0.0,4839.69189,0.0
MT,2018,224.76203,13.10479,167.75018,1446.14849,393.26405,104.45082,210.53444,1080.08659,124.75902,13.6271,2.18498,13.24606,81.06877,84.27487,27.75801,7.28371,56.1148,1.46153,24.6388,0.0,4817.51103,0.0
MT,2019,223.55603,26.00383,144.42074,1473.69632,412.37856,111.00031,213.37729,1146.76743,115.18027,16.34702,2.30618,14.04612,75.63974,75.87906,27.13116,7.61797,47.82358,1.4576,27.15232,0.0,4928.41828,0.0
MT,2020,227.48881,31.96941,123.45442,1578.25244,409.47459,100.94405,194.76485,627.48577,100.31595,15.74124,2.07571,12.60678,69.11727,71.16588,24.66735,6.53816,45.37746,1.35778,26.43648,0.0,4315.59871,0.0
MT,2021,224.38978,36.68179,124.3196,1494.75388,428.21605,106.68348,202.1761,625.21168,101.05745,16.97133,2.11116,12.99085,69.62025,70.75432,23.32148,6.81222,43.53715,1.34311,29.38654,0.0,4295.29462,0.0
NL,2008,1792.8701,195.82938,2969.10519,3042.75431,515.05595,258.56509,293.90492,1767.20631,57.50733,18.60926,38.8363,35.85685,57.60094,175.37486,134.60088,43.77639,87.31957,30.87222,35.73612,0.0,13888.61035,0.0
NL,2009,1777.49076,182.2346,2712.00045,3025.43701,517.15179,254.67576,284.17359,1636.99616,57.57893,17.8011,39.07548,33.69718,55.85104,165.64247,134.25872,44.80381,90.5211,31.25997,36.42434,0.0,13404.83405,0.0
NL,2010,1873.16843,198.2794,2880.28742,3136.28665,488.4155,239.8488,297.6272,1651.78801,71.06438,22.65764,31.82696,29.50384,50.3791,151.92469,134.05053,52.80177,114.52158,38.94526,36.43848,0.0,14007.8204,0.0
NL,2011,1772.87625,193.82374,2809.46231,2868.63717,477.75665,240.0208,262.84107,1674.97548,60.75155,19.66761,26.46532,23.72884,41.95998,147.56601,121.74513,36.45684,92.65593,32.80906,32.074,0.0,13111.73218,0.0
NL,2012,1740.84739,195.71641,2733.45299,2679.54112,456.85124,218.78706,267.38879,1685.00278,71.08041,20.07267,27.52852,23.05659,43.63142,152.09712,124.88941,42.06557,108.44796,34.08192,32.82085,0.0,12870.6267,0.0
NL,2013,1757.09139,193.1738,2690.85536,2677.06443,458.48746,214.4323,267.71405,1661.93507,74.59456,17.76333,26.62878,21.40132,42.86168,150.3638,112.58979,43.73458,111.90099,37.34759,33.03124,0.0,12858.53905,0.0
NL,2014,1679.72079,186.75418,2644.28952,2885.04692,438.18439,208.12579,234.69179,1653.71217,61.58041,16.56938,22.71178,18.20839,41.47287,141.87897,104.57533,33.66752,91.54391,30.57116,28.30792,0.0,12448.26226,0.0
NL,2015,1732.0297,166.59421,2661.7773,3140.6906,410.77466,205.36837,243.92247,1652.59677,65.84816,17.46505,23.46734,18.35893,44.29284,144.09796,104.6486,34.3103,96.28096,32.94029,29.64144,0.0,12810.57253,0.0
NL,2016,1727.26033,151.45856,2713.54711,3056.98955,404.92566,214.12367,244.52462,1576.75063,65.30248,16.60116,25.42176,18.13372,43.36989,154.21568,102.55775,38.86808,96.43441,31.72106,28.88477,0.0,12740.03305,0.0
NL,2017,1733.98666,147.42708,2763.48737,2822.69522,381.33973,209.30476,250.05122,1570.85926,64.75009,12.88299,26.34429,19.87253,45.8587,154.62639,103.14623,34.94506,92.82308,29.70374,27.36336,0.0,12472.57318,0.0
NL,2018,1703.89626,134.35912,2730.00827,2593.57855,340.39744,208.59929,229.15205,1597.77579,62.42611,12.24043,25.1323,16.34911,44.9224,157.93497,96.29066,36.2333,90.05835,28.206,26.55383,0.0,12078.2159,0.0
NL,2019,1684.35957,127.4276,2678.40441,2399.71158,343.21118,203.63896,214.20204,1673.94724,61.04831,11.51017,22.88272,14.88329,44.87034,161.96528,94.34252,34.16924,82.07325,26.1835,24.55203,0.0,11786.06271,0.0
NL,2020,1655.5744,121.00295,2610.59564,1869.76703,329.2878,196.35392,188.35092,1295.21972,53.95049,9.56481,19.2973,13.31685,38.71046,127.75386,88.70515,30.96957,73.64679,23.81059,20.85576,0.0,10445.97666,0.0
NL,2021,1653.70102,112.74513,2639.89044,1854.57835,310.44622,193.88936,195.8192,1272.60402,55.99935,9.47775,20.0012,14.62718,40.20626,131.31026,89.38117,35.19084,77.44235,24.77504,21.70987,0.0,10554.00926,0.0
NO,2008,1220.03082,3391.60692,3011.55718,182.7077,355.94475,389.72398,244.29885,3259.06061,21.97522,5.97402,0.31122,23.8698,23.8088,27.42596,102.13948,4.11601,29.18708,7.2498,7.6618,0.15786,13728.74653,0.0
NO,2009,1218.71086,3108.79781,2458.83858,431.63657,364.8456,360.05594,235.48329,2903.94503,22.22093,5.76363,0.36532,26.32189,24.2664,26.96115,127.21821,5.1767,31.96444,7.35239,8.06687,0.31396,12780.15643,0.0
NO,2010,1176.09636,3278.56787,2609.48524,524.63146,360.43353,348.18239,251.05636,3020.4012,25.90458,7.71736,0.89664,40.41051,26.50696,31.16327,93.97316,7.29806,33.21395,9.53003,15.67275,0.7586,13296.74863,0.0
NO,2011,1130.19124,3172.60726,2572.27056,473.12084,367.00663,358.72218,244.75516,4111.0459,25.17236,6.45658,0.2009,30.15555,28.96328,35.96001,88.53686,5.76952,29.04668,8.24504,12.33532,0.33341,14051.79885,0.0
NO,2012,1121.22031,3127.91792,2469.10662,362.84729,359.52978,401.87281,236.93368,4097.96394,25.05787,6.39356,0.17376,24.73789,29.55613,32.91433,77.93093,6.26162,27.30578,7.19298,10.74583,0.21421,13764.91802,0.0
NO,2013,1107.95367,3094.46682,2426.66707,363.06906,362.18651,430.55746,251.01984,4042.43848,25.01035,6.39516,0.12294,28.73341,32.0462,35.84419,83.12331,5.86435,26.44507,7.29274,12.388,0.21173,13633.43773,0.0
NO,2014,1110.14422,3219.8679,2313.56702,350.73383,347.27691,418.05084,217.52392,3882.35015,25.02646,5.84178,0.08033,23.25852,27.93829,34.30756,73.81709,5.46047,22.95831,6.3846,12.7638,0.23089,13345.19216,0.0
NO,2015,1111.55101,3261.61436,2353.88883,345.15717,317.69421,426.83439,215.24234,5071.04035,25.72969,5.40431,0.06863,22.16752,24.41662,39.08658,57.98861,5.43985,23.87122,6.48651,10.40887,0.18378,14559.11711,0.0
NO,2016,1124.57166,3136.38424,2274.92459,333.04133,317.94531,415.84717,233.58712,3455.87019,26.59805,4.89394,0.06653,22.86388,22.0473,58.85003,56.9921,6.0657,23.57068,7.17775,11.98368,0.16771,12731.87635,0.0
NO,2017,1124.15748,3033.5902,2318.15532,356.19723,315.04141,427.80878,208.78038,3868.24109,24.2987,3.72979,0.07147,19.9063,21.08102,68.1617,55.98895,5.00075,22.48616,7.89823,9.30256,0.1203,12979.06259,0.0
NO,2018,1122.61408,2971.55416,2301.35854,345.76167,311.3476,441.23889,205.31994,4440.6874,25.56741,3.7724,0.04177,26.15342,19.36058,74.26271,46.18737,4.76992,19.39361,7.96645,9.35545,0.11653,13441.1577,0.0
NO,2019,1100.63735,2948.82868,2206.40452,326.11871,292.2411,406.75981,224.6115,4657.10501,23.14312,3.55419,0.22496,16.87521,15.41193,38.95321,38.82352,4.19576,18.50713,6.76053,8.00258,0.05055,13283.29493,0.0
NO,2020,1116.73971,2803.95317,2186.46983,312.51241,265.37283,372.62055,197.20718,3774.96203,20.70212,2.97295,0.15655,16.14486,13.86774,29.06495,33.07609,3.77668,17.37627,5.41,8.19192,0.0358,12130.2109,0.0
NO,2021,1127.42005,2566.43759,2235.82095,318.65984,251.53904,400.64468,202.28079,3754.02935,18.23907,3.00938,0.02648,16.55465,17.52973,31.03118,35.13669,10.60041,22.28214,8.22302,8.49898,0.05693,11965.26351,0.0
PL,2008,1398.04301,645.37064,1819.21582,4282.91454,246.66106,31.10958,257.63267,394.22763,13.11463,32.8497,19.02219,17.22384,93.37996,20.12523,50.76599,35.45911,36.2603,23.19366,28.13734,0.0,10919.834,0.0
PL,2009,1382.068,600.46236,1521.11754,4109.22026,235.57546,33.13612,264.20542,398.18267,12.7224,33.76565,19.13964,17.55446,93.9123,20.81427,54.0402,37.77279,37.83925,23.775,28.95787,0.0,10439.11849,0.0
PL,2010,1403.49061,582.25243,1651.62447,4258.02195,228.28148,30.64602,288.49069,426.41358,13.44147,36.98914,20.94868,19.40667,102.81952,24.13464,59.72504,42.26044,42.10963,26.23567,31.5629,0.0,10941.88204,0.0
PL,2011,1404.05112,580.55063,1745.69856,4290.50529,204.36829,32.11627,289.51963,433.13444,12.57099,36.87068,20.16813,18.83626,101.94158,22.92949,56.24911,39.07683,39.81243,26.18681,31.84729,0.0,10889.14399,0.0
PL,2012,1399.80617,576.91329,1714.99767,4132.68905,187.22696,28.41718,288.17278,418.88528,12.40981,36.11617,18.78577,18.11599,98.88504,22.3056,54.15187,37.70238,38.96892,25.19805,31.0306,0.0,10681.06532,0.0
PL,2013,1401.70644,590.50721,1673.54147,4179.04593,181.67122,22.86629,267.70996,407.59173,11.47935,34.64988,17.28321,17.18621,94.39108,21.24379,50.54686,35.03343,36.69774,23.77763,30.6947,0.0,10575.01164,0.0
PL,2014,1403.1774,593.28872,1686.2814,3955.21981,167.59969,21.02511,281.41921,426.0793,11.03099,36.12934,16.62324,17.44691,99.45543,20.74492,48.81724,31.77071,35.19504,24.79292,31.39371,0.0,10283.67207,0.0
PL,2015,1379.20432,643.52186,1657.44445,4004.68529,160.76663,17.5157,273.8034,446.75231,11.37852,38.88738,16.97961,18.36406,106.36384,22.17329,50.43095,32.1589,36.24196,26.40968,33.39569,0.0,10362.2987,0.0
PL,2016,1334.05928,636.92913,1678.77819,4010.92659,160.81176,19.54146,587.44557,154.08172,17.13099,74.70092,50.22569,33.31658,84.64745,177.305,119.20359,38.83228,64.7081,15.8155,21.03333,0.0,10738.34069,0.0
PL,2017,1407.21575,630.98765,1766.82468,4051.43738,170.5402,24.4549,684.34954,300.29149,16.09516,85.58348,56.98739,39.56105,84.98506,105.1641,125.41723,33.52567,83.15194,15.15087,24.50851,0.0,11219.58801,0.0
PL,2018,1434.66905,616.66389,1811.92889,3986.55064,174.31042,24.64815,626.42515,312.62625,16.54674,83.05285,59.24114,33.33225,87.46617,156.23773,102.50517,30.98087,76.35495,13.77786,22.92531,0.0,11221.59701,0.0
PL,2019,1415.8724,566.86923,1791.65259,3627.60657,169.83472,22.30767,701.71751,343.48802,18.26193,74.09861,49.01653,31.21601,74.2994,121.2645,95.5309,29.27641,69.3195,13.98478,21.43336,0.0,10677.81363,0.0
PL,2020,1472.69075,569.29321,1694.21073,3364.75066,157.3942,22.37021,690.96428,288.93327,18.68176,55.69413,37.90068,32.11782,71.81337,128.81861,89.66601,27.06628,78.27259,13.83268,19.28516,0.0,10271.99826,0.0
PL,2021,1524.16777,574.10325,1787.57624,4002.7024,159.23441,23.64311,789.32173,356.65801,22.55508,68.4431,47.19046,37.8268,86.55676,151.92935,110.42293,34.20625,91.62859,16.59812,23.10844,0.0,11380.89801,0.0
PT,2008,814.40055,39.55453,1843.10587,1575.76964,695.8217,181.30376,251.58654,845.68173,33.47642,8.64604,9.08269,2.83531,13.93018,36.26357,63.10914,9.21519,52.14699,7.09439,6.6529,0.0,7574.29132,0.0
PT,2009,805.96601,36.38296,1532.24589,1617.86985,704.41421,175.8983,234.37296,811.20473,32.62739,8.31888,9.97429,2.55229,14.01635,37.05292,71.56366,10.68699,58.20911,7.42456,7.46684,0.0,7267.78449,0.0
PT,2010,804.96602,35.39662,1620.59011,1139.84945,690.38911,178.62421,210.36985,834.10131,21.30819,8.00971,9.55113,2.41596,14.25735,36.38784,65.4888,9.33044,45.7124,6.4464,6.6867,0.0,6847.65599,0.0
PT,2011,797.56559,32.64337,1461.32158,1343.59494,692.94922,168.43346,188.67341,804.22137,20.54494,6.51588,11.15429,1.75022,12.81834,33.59728,57.95242,8.53988,43.67324,5.76475,5.97445,0.0,6722.35021,0.0
PT,2012,804.21506,26.9608,1394.51419,1442.04107,677.98074,133.18036,166.74698,783.96622,20.18827,6.2488,10.57008,1.41481,12.29852,31.83873,54.98384,7.49196,38.29092,5.56724,5.58451,0.0,6593.10851,0.0
PT,2013,813.41268,24.63257,1525.19807,1194.59044,670.09754,110.59126,157.53175,772.69341,20.47102,6.36108,11.22615,1.50313,12.34918,31.15807,57.55425,8.34324,43.91987,5.9521,5.77066,0.0,6433.16682,0.0
PT,2014,822.29234,24.43278,1515.54542,1173.3036,657.83093,108.40593,171.30519,802.76046,26.76154,6.39413,10.45836,1.53764,13.46876,32.64478,61.64835,7.71073,44.68797,6.32328,5.79314,0.0,6454.79203,0.0
PT,2015,831.17375,27.57033,1564.65755,1523.99599,632.22887,125.13329,171.74845,811.67001,29.15949,6.0244,10.39082,1.46431,13.44672,33.73991,63.08067,7.27201,45.9942,6.1342,5.91864,0.0,6869.1527,0.0
PT,2016,839.03801,26.26706,1453.78833,1422.98798,643.56439,121.28806,170.95589,812.69883,30.21089,6.147,9.48464,1.53637,13.80422,34.54573,60.34048,7.92575,48.80221,6.47686,5.67937,0.0,6688.39183,0.0
PT,2017,853.85888,28.67609,1522.30875,1798.33559,653.27672,130.05778,175.73192,847.48854,29.93354,5.84548,8.32312,1.52002,14.32011,36.64487,57.72478,7.29124,46.72055,6.11351,5.41802,0.0,7211.85145,0.0
PT,2018,861.63377,29.77323,1464.29772,1495.14219,645.08931,131.24341,184.17992,869.10375,34.52694,6.33396,5.47868,1.60222,15.20022,38.31398,61.16988,7.10281,45.95646,6.49037,5.9492,0.0,6912.97225,0.0
PT,2019,875.72809,30.72893,1501.3039,1026.4536,646.63711,132.33459,189.77965,917.6281,30.68944,6.69936,5.64736,1.66915,15.78295,39.17203,59.82971,7.41116,44.96969,7.19785,6.01753,0.0,6598.91711,0.0
PT,2020,886.9409,29.20012,1450.30272,773.72521,623.32263,128.66945,154.67249,543.53337,23.24995,6.13567,6.48551,1.35748,15.84392,33.80744,65.15168,7.06801,49.06432,6.43967,5.23707,0.0,5775.93876,0.0
PT,2021,888.70627,32.09615,1371.29091,596.08514,616.80415,141.25744,166.53756,668.84139,23.91672,8.4741,5.28512,2.08434,18.65968,37.38739,61.41767,6.44324,38.45855,6.81662,5.19828,0.0,5650.54476,0.0
RO,2008,1057.16852,478.62623,1924.45945,2207.9794,355.98913,186.61184,75.94968,328.71491,9.05842,14.86285,10.9899,23.40196,26.97384,18.73385,22.92216,12.51344,17.25839,5.37406,15.22638,0.0,7520.76729,0.0
RO,2009,1049.94413,432.68031,1407.21605,1863.78131,346.0142,134.8999,72.70212,269.9894,8.19838,14.77711,10.85564,23.02307,26.73841,18.58738,22.46554,12.40209,16.97701,5.42525,15.15112,0.0,6490.95027,0.0
RO,2010,949.11302,412.5656,1518.5428,1697.70219,353.26476,140.48973,69.33217,269.59071,8.29567,14.30301,11.01272,23.33859,25.85576,17.6878,21.38139,12.45687,16.76641,5.43338,14.58459,0.0,6304.97199,0.0
RO,2011,970.66416,408.93045,1564.45768,1963.84734,332.80185,157.40241,68.36793,264.03506,8.01667,13.91528,10.41858,22.10158,25.10051,17.08171,20.4159,11.94263,16.31232,5.44099,14.28039,0.0,6643.89828,0.0
RO,2012,972.39346,395.21708,1557.98983,1816.31222,347.36475,167.68693,72.24867,250.63401,8.28492,14.46578,10.31703,22.09667,26.13595,17.54954,20.67386,11.90937,16.64241,5.60126,15.04308,0.0,6571.33066,0.0
RO,2013,996.46578,375.72399,1302.29928,1498.69078,363.01838,161.31591,70.10686,270.45532,8.08692,14.30576,10.31031,21.92289,25.72128,17.33785,20.15924,12.00694,16.73869,5.84502,14.87807,0.0,6013.17102,0.0
RO,2014,1008.48641,359.44426,1315.62934,1483.69775,361.39191,156.21785,73.08502,266.21131,8.30333,14.78524,10.41405,22.1647,26.56283,17.85635,20.68932,12.21617,17.20972,6.066,15.42326,0.0,6017.75951,0.0
RO,2015,1031.15332,355.84538,1228.02242,1493.42929,365.27083,161.6088,73.30603,278.98055,8.37933,14.94666,10.41673,22.15561,26.83087,17.95959,20.76252,12.33742,17.51035,6.27524,15.62742,0.0,5999.33091,0.0
RO,2016,1037.00538,336.85991,1243.6448,1376.33511,365.69993,152.76204,78.2084,307.99272,8.83314,15.86382,10.81853,23.02147,28.45392,18.99602,21.93006,12.95598,18.56495,6.73807,16.63092,0.0,5966.51083,0.0
RO,2017,1056.87922,330.05906,1269.68736,1423.66303,370.82908,155.52364,83.1814,332.38381,9.58316,17.0364,11.81549,25.12885,30.50335,20.24426,23.3067,14.06226,20.02789,7.30218,17.77324,0.0,6174.05665,0.0
RO,2018,1106.30053,323.83082,1319.85107,1357.56899,372.75304,158.71246,84.68909,330.73488,9.88627,17.59049,12.17108,25.78759,31.41286,20.8122,23.96727,14.44133,20.59525,7.54899,18.24938,0.0,6254.56555,0.0
RO,2019,1095.48906,330.53372,1325.3032,1179.3232,375.47703,150.17457,85.43321,350.97521,9.99492,17.79964,12.27916,25.96906,31.74765,21.11258,24.22719,14.61722,20.87357,7.69488,18.48142,0.0,6112.7525,0.0
RO,2020,1087.68558,312.39142,1371.57454,997.72412,377.95558,149.56626,81.7003,312.34221,9.41202,17.04449,11.62177,24.42178,30.293,20.08168,23.27074,14.014,20.15374,7.57006,17.57557,0.0,5926.26289,0.0
RO,2021,1112.26828,307.6473,1375.07007,1043.20846,380.41372,155.58555,88.64198,336.03251,10.19478,18.38332,12.61821,26.57518,32.71537,21.68469,25.10579,15.1188,21.65584,8.06291,18.96835,0.0,6154.48114,0.0
SE,2008,1014.19227,84.66056,1987.30641,853.68543,282.58897,210.93797,229.28039,1187.83013,9.37694,19.08583,8.39455,30.14843,60.08583,48.21172,23.85546,15.03669,48.74158,18.58408,15.80219,0.00097,7388.56015,0.00204
SE,2009,970.02333,69.27509,1569.50518,883.14985,270.76965,204.75081,206.76039,1050.56187,9.30328,18.25086,8.66907,29.12461,58.12761,49.49678,21.129,15.55471,46.3741,18.35446,15.01673,0.00096,6739.75153,0.00251
SE,2010,986.24301,93.95472,1880.68278,1148.56525,258.34109,213.45989,213.37737,1050.69592,9.74973,17.12819,10.14055,32.87902,56.72888,54.44441,22.647,15.91182,48.13034,18.63042,16.01209,0.00135,7340.47557,0.00277
SE,2011,976.85019,94.084,1760.98584,898.93024,245.83262,214.00474,218.48699,910.35382,9.10789,17.36413,9.02125,26.9216,56.63552,55.8496,18.529,14.20534,45.15923,18.5468,16.37899,0.00095,6712.86535,0.00061
SE,2012,951.88455,96.27787,1668.86739,832.99136,227.09637,206.6795,196.38678,785.94725,8.49211,15.20984,9.54416,23.62366,51.71025,52.43493,18.85535,13.78121,44.29723,17.99417,14.37408,0.00226,6292.69417,0.00055
SE,2013,939.44338,93.90283,1553.54796,796.84255,212.75331,202.76844,193.20957,799.5323,8.38756,14.3062,8.98267,21.14879,49.59327,55.46953,14.76166,13.05948,40.61088,16.92518,13.69461,0.00133,6086.56111,0.00075
SE,2014,928.59252,97.39659,1524.6297,698.94525,196.30273,194.50421,178.16834,796.56893,8.04106,13.33111,8.46447,21.78832,47.25531,48.32868,13.59039,11.86249,39.86203,16.3103,13.72601,0.00068,5874.97292,0.00097
SE,2015,916.84708,94.16918,1538.46507,655.29934,182.86963,198.33235,176.29517,840.74325,8.12686,12.57903,8.73091,20.75336,46.16931,49.13349,13.44277,11.77003,39.39166,16.09095,13.03485,0.00079,5864.23911,0.00192
SE,2016,889.56447,92.7456,1535.51454,701.26179,171.73732,197.05126,171.23482,904.86407,7.80332,11.64558,8.50567,20.11757,42.8799,47.26565,13.09319,10.99307,37.17049,15.05475,12.51949,0.00155,5874.01979,0.00246
SE,2017,882.89245,92.7742,1497.73335,654.5066,162.03545,185.45732,163.94906,834.26514,7.56007,10.99493,8.61554,18.56473,40.67927,45.81476,12.40851,10.19246,39.27184,14.65857,11.63377,0.00159,5648.78025,0.00287
SE,2018,835.57777,87.13966,1480.95227,671.27036,150.52366,180.55155,161.61627,813.91294,7.22168,10.63282,7.91346,17.89429,39.10737,46.65903,12.12182,10.05008,35.22759,13.7784,11.21143,0.00152,5501.14086,0.00314
SE,2019,834.42683,87.53462,1468.6468,557.2807,136.03794,186.42961,163.23511,793.38612,6.99457,10.0566,7.70006,17.67733,38.75093,47.5242,13.7851,10.47015,34.25152,14.08009,11.02595,0.00043,5320.33518,0.03424
SE,2020,829.02318,87.77791,1261.89464,511.94905,125.81799,182.3832,146.09891,576.2296,6.39074,9.03418,7.23175,16.22332,35.2227,44.01344,13.54354,8.99115,32.62463,13.05977,10.23862,0.00194,4727.02988,0.02997
SE,2021,811.76335,84.86771,1367.58408,578.7664,119.85279,189.30784,141.50095,603.77637,6.41014,8.49987,9.68513,16.0776,30.28485,44.94081,13.67561,8.69602,32.06906,13.01014,9.95855,0.00191,4899.30638,0.02766
SI,2008,1022.62487,230.41852,1720.74627,3299.7489,352.8643,267.15022,167.41587,505.78932,70.9413,22.27407,36.86871,52.64591,69.49491,57.3333,11.665,62.96287,74.98763,24.75121,43.25219,0.0,9974.19235,0.0
SI,2009,999.34747,220.49859,1360.6593,3130.50038,317.47685,233.86193,154.72304,445.08609,75.5069,21.33781,22.76686,44.74713,93.89926,41.44592,8.63564,63.7291,82.4706,27.84556,31.04455,0.0,9186.50351,0.0
SI,2010,982.80339,223.2085,1368.36053,3178.6618,312.18329,226.81336,166.22054,478.01173,70.84431,22.32157,23.93864,41.88537,93.80483,44.12786,9.14427,59.28936,76.91133,27.54804,31.45581,0.0,9330.68654,0.0
SI,2011,967.54914,218.65067,1268.77251,3186.29469,314.90402,216.10387,163.94511,471.40939,66.29321,20.67266,22.40727,37.72485,85.15902,42.66882,8.16019,53.22878,80.67283,26.42999,29.3902,0.0,9053.7683,0.0
SI,2012,961.43959,207.51337,1219.64611,3031.34008,305.87184,212.95668,156.86674,428.99813,56.2218,18.14275,20.89736,30.02412,72.79692,39.90147,7.57538,43.00974,74.23284,25.90145,25.22272,0.0,8612.74237,0.0
SI,2013,951.06633,193.70018,1258.44099,2875.423,294.76072,203.21382,156.88699,438.78966,62.49179,18.60315,21.76504,30.15962,74.68244,40.61789,7.73539,47.55219,68.88416,26.64968,26.58668,0.0,8405.97668,0.0
SI,2014,979.49825,158.15247,1284.39571,2213.55105,279.19899,202.57399,158.88403,432.56442,42.98265,19.19347,25.05032,19.22487,82.68614,44.30511,27.80216,42.63492,61.59608,15.99433,22.41762,0.0,7612.91784,0.0
SI,2015,999.39622,161.50299,1237.473,2271.61268,284.31839,215.23591,167.83374,447.83364,47.95601,20.75999,27.3177,19.57366,89.55101,47.81256,30.64353,47.01688,74.21033,17.18194,24.1329,0.0,7883.04963,0.0
SI,2016,1009.32721,165.27222,1244.2479,2457.44316,282.57649,219.73002,173.07097,438.93904,54.37567,22.53449,27.83226,24.52411,91.62952,51.39265,34.94151,53.73045,85.3735,20.1119,27.60416,0.0,8240.66038,0.0
SI,2017,992.99909,166.2377,1326.79592,2455.95195,278.14257,240.64888,190.17183,436.98717,50.91009,23.304,28.97176,21.7389,89.10055,53.24433,31.34327,46.99617,68.28463,18.89174,26.73658,0.0,8440.56319,0.0
SI,2018,990.59246,164.20952,1389.17222,2387.00651,260.87616,263.00326,207.53344,513.34702,52.39949,24.21205,29.62773,21.85868,88.23342,56.38678,28.79886,41.71642,65.76867,18.00839,25.25054,0.0,8452.51849,0.0
SI,2019,992.85871,156.33052,1367.41437,2260.07478,256.62484,273.05446,214.67917,525.56309,52.30534,24.96608,29.11121,21.78929,90.09689,58.43437,27.07606,40.62283,80.28171,17.94619,24.70783,0.0,8262.09657,0.0
SI,2020,985.81431,156.90245,1295.46452,2213.82774,244.45007,271.13329,201.57577,410.28015,41.9655,21.47459,25.30822,17.83709,89.81507,48.08697,37.99156,39.07471,68.77957,21.21535,29.98377,0.0,7776.05539,0.0
SI,2021,984.81776,128.88152,1327.00921,2058.98195,236.26378,284.58287,220.71952,463.14579,40.9404,23.66511,28.0669,15.97779,88.92516,52.16786,33.01956,34.26417,50.27041,19.79025,28.82974,0.0,7929.13053,0.0
SK,2008,447.57679,117.95769,3752.1266,1479.55618,364.12552,514.84824,65.67076,963.86502,31.7606,7.78188,6.8376,55.48072,87.53142,32.14622,71.43607,25.31185,37.53446,26.53899,27.2842,0.06235,9171.22587,0.0
SK,2009,411.78232,113.02865,3398.63882,1325.19574,369.90199,391.8939,65.72269,811.37476,32.29681,8.76107,7.46679,55.49893,87.94351,32.45824,73.95752,25.75531,37.53991,28.45341,27.2369,0.06106,8365.08439,0.0
SK,2010,420.8467,97.58203,3459.54639,1294.41394,379.34473,351.53233,66.01695,786.72787,34.54782,10.10064,8.98671,59.40491,94.16748,34.68717,80.23,27.62124,40.2392,30.76351,28.99701,0.06367,8506.18749,0.0
SK,2011,403.42748,98.77887,3530.66815,1314.85722,385.54298,405.80709,58.34671,723.75316,28.77006,9.75924,8.78347,50.12942,77.04522,28.26402,65.2664,23.13896,33.06253,25.97915,23.07071,0.0597,8325.07709,0.0
SK,2012,398.76031,88.45689,3211.67793,1215.31969,387.47245,360.61873,58.9307,650.01284,30.97781,11.18395,8.89908,52.53232,81.18361,31.60552,67.46023,23.8595,34.24496,27.73106,24.2956,0.07174,7865.26382,0.0
SK,2013,416.0472,88.37773,3150.11198,1153.71372,390.91205,338.41424,62.78695,666.39952,32.24155,10.50614,9.1763,58.13681,83.64359,31.44527,70.06753,24.81757,35.58912,28.75552,25.45038,0.09981,7797.1814,0.04681
SK,2014,433.72498,81.11218,3119.20902,1010.87803,390.88817,334.50838,68.73636,625.55356,28.05027,8.56425,8.76828,44.79866,70.31552,25.57404,57.88919,20.83568,30.02543,24.96636,20.99079,0.06529,7423.06307,0.03846
SK,2015,410.84652,70.38049,3086.62785,1056.49155,396.13642,302.98063,95.10332,714.20142,28.52269,7.58191,8.50762,44.10587,70.25967,25.69815,57.3269,20.23918,29.9729,25.54806,21.20193,0.05551,7553.38815,0.05714
SK,2016,427.22416,67.55606,3119.21047,1045.40499,390.67664,304.77858,100.69007,711.5393,28.87306,8.65498,7.68083,45.60765,73.30509,30.83372,56.30732,21.14725,31.52095,23.09622,21.52561,0.05652,7626.19877,0.05844
SK,2017,408.96935,61.89875,3202.66046,1048.47413,394.66565,318.79546,103.87273,724.18734,31.18831,9.07242,7.71522,48.66794,78.89842,35.63103,57.99144,22.55805,33.1975,26.70059,23.15344,0.05662,7816.44646,0.0528
SK,2018,406.38647,53.68695,3259.38264,1025.98612,396.92846,314.08835,107.40691,717.12184,29.16061,9.48044,6.81965,51.06992,73.11624,39.13657,47.1745,22.17514,30.99146,22.49731,20.95392,0.14907,7781.43656,0.06117
SK,2019,408.41313,55.33155,2870.61469,966.21813,394.67564,297.62812,114.47149,667.34371,30.0702,11.5556,15.79828,54.71247,70.14274,46.19373,40.76842,22.49125,33.87204,23.6267,20.29369,1.70431,7344.86462,0.05665
SK,2020,417.50238,49.01624,2650.27152,896.17246,394.12579,352.28551,88.09157,433.87486,28.73136,10.0417,14.40558,51.46002,64.116,50.78689,30.36925,22.67257,37.51951,23.1615,20.72679,0.05379,6824.68097,0.06783
SK,2021,405.3203,51.96149,3112.25577,981.96594,392.11568,372.90236,88.57832,424.74603,32.38971,11.28487,16.30389,58.89564,73.03822,44.94743,47.68481,26.05071,42.60828,25.97966,23.57255,0.05351,7580.9144,0.0597
